-- Ministries

insert into Ministries (MinistryID, Name) values (1, 'Koelpin Inc');
insert into Ministries (MinistryID, Name) values (2, 'Weber, McKenzie and Lynch');
insert into Ministries (MinistryID, Name) values (3, 'Emmerich, Hane and Hermiston');
insert into Ministries (MinistryID, Name) values (4, 'Pouros LLC');
insert into Ministries (MinistryID, Name) values (5, 'Tillman-Olson');
insert into Ministries (MinistryID, Name) values (6, 'Cronin-Erdman');
insert into Ministries (MinistryID, Name) values (7, 'Hahn, Rempel and Dickens');
insert into Ministries (MinistryID, Name) values (8, 'Nitzsche-West');
insert into Ministries (MinistryID, Name) values (9, 'Gleason Inc');
insert into Ministries (MinistryID, Name) values (10, 'Bosco, Parker and Grady');


-- Facilities

insert into Facilities (FacilityID, PostalCode, WebAddress, PhoneNumber, Capacity, City, Province, Address, Name) values (1, '426710', 'httponaws.com', '315-816-1983', 26, 'Laval', 'Alberta', '1174 Mcbride Point', 'Morissette-Heathcote');
insert into Facilities (FacilityID, PostalCode, WebAddress, PhoneNumber, Capacity, City, Province, Address, Name) values (2, '667450', 'httpsus.com', '832-739-2143', 20, 'Ciorescu', 'Ontario', '5162 Cascade Parkway', 'Altenwerth-Nitzsche');
insert into Facilities (FacilityID, PostalCode, WebAddress, PhoneNumber, Capacity, City, Province, Address, Name) values (3, '508186', 'http.fr', '634-935-6021', 90, 'Laval', 'Alberta', '78 Beilfuss Hill', 'DuBuque, Bogan and Marvin');
insert into Facilities (FacilityID, PostalCode, WebAddress, PhoneNumber, Capacity, City, Province, Address, Name) values (4, '403623', 'httpserground.com', '811-120-5877', 35, 'Panyingkiran', 'Quebec', '2901 Harbort Road', 'Abbott-Rippin');
insert into Facilities (FacilityID, PostalCode, WebAddress, PhoneNumber, Capacity, City, Province, Address, Name) values (5, '152851', 'httpdomains.com', '749-339-9398', 75, 'Laval', 'British Columbia', '28252 Dorton Park', 'Dach Group');
insert into Facilities (FacilityID, PostalCode, WebAddress, PhoneNumber, Capacity, City, Province, Address, Name) values (6, '233931', 'httpsgov', '959-672-4442', 24, 'Varberg', 'Quebec', '466 Carpenter Alley', 'Cummerata-Rowe');
insert into Facilities (FacilityID, PostalCode, WebAddress, PhoneNumber, Capacity, City, Province, Address, Name) values (7, '068613', 'httpe.gov', '387-727-0899', 51, 'Manalongon', 'Manitoba', '04093 Hallows Trail', 'Towne-Schoen');
insert into Facilities (FacilityID, PostalCode, WebAddress, PhoneNumber, Capacity, City, Province, Address, Name) values (8, '246060', 'httpklassniki.ru', '314-188-3672', 76, 'Phlapphla Chai', 'Ontario', '30225 Lighthouse Bay Avenue', 'Reilly, Rutherford and Donnelly');
insert into Facilities (FacilityID, PostalCode, WebAddress, PhoneNumber, Capacity, City, Province, Address, Name) values (9, '519191', 'httpsle.com', '523-489-8551', 52, 'Gordeyevka', 'Quebec', '4 High Crossing Lane', 'Moore-Orn');
insert into Facilities (FacilityID, PostalCode, WebAddress, PhoneNumber, Capacity, City, Province, Address, Name) values (10, '431950', 'httpom', '291-401-8900', 46, 'Lewolere', 'Manitoba', '1295 Arkansas Drive', 'Wolf Group');
insert into Facilities (FacilityID, PostalCode, WebAddress, PhoneNumber, Capacity, City, Province, Address, Name) values (11, '222515', 'httphis.com', '390-228-7090', 98, 'Ozamiz City', 'British Columbia', '6027 Fieldstone Circle', 'Torp-Dickens');
insert into Facilities (FacilityID, PostalCode, WebAddress, PhoneNumber, Capacity, City, Province, Address, Name) values (12, '495485', 'httpsgov', '201-268-1347', 54, 'Milagros', 'Alberta', '59145 Crest Line Pass', 'Grant-Upton');
insert into Facilities (FacilityID, PostalCode, WebAddress, PhoneNumber, Capacity, City, Province, Address, Name) values (13, '537300', 'https.org.au', '184-915-2278', 39, 'Siheyuan', 'British Columbia', '05 Westend Trail', 'Nader-Greenholt');
insert into Facilities (FacilityID, PostalCode, WebAddress, PhoneNumber, Capacity, City, Province, Address, Name) values (14, '590467', 'httpcamp.com', '690-314-1480', 78, 'Laval', 'British Columbia', '9 Service Street', 'Predovic, Hessel and Nikolaus');
insert into Facilities (FacilityID, PostalCode, WebAddress, PhoneNumber, Capacity, City, Province, Address, Name) values (15, '032817', 'httpsard.edu', '136-593-0697', 28, 'Kromy', 'Alberta', '746 Namekagon Point', 'Davis and Sons');
insert into Facilities (FacilityID, PostalCode, WebAddress, PhoneNumber, Capacity, City, Province, Address, Name) values (16, '598354', 'httppendent.co.uk', '914-664-2123', 96, 'Pinara', 'British Columbia', '2 Schurz Avenue', 'Schinner Group');
insert into Facilities (FacilityID, PostalCode, WebAddress, PhoneNumber, Capacity, City, Province, Address, Name) values (17, '457618', 'httpsiott.com', '121-410-3199', 96, 'Laval', 'Ontario', '76479 Old Gate Point', 'Lang-Grimes');
insert into Facilities (FacilityID, PostalCode, WebAddress, PhoneNumber, Capacity, City, Province, Address, Name) values (18, '315051', 'httpstarter.com', '482-583-1417', 91, 'Jankomir', 'Ontario', '52437 Hudson Avenue', 'Hoeger LLC');
insert into Facilities (FacilityID, PostalCode, WebAddress, PhoneNumber, Capacity, City, Province, Address, Name) values (19, '245827', 'httpesites.com', '502-259-9550', 32, 'Laval', 'Quebec', '9 Ridgeview Lane', 'Williamson Group');
insert into Facilities (FacilityID, PostalCode, WebAddress, PhoneNumber, Capacity, City, Province, Address, Name) values (20, '969388', 'httpswswire.com', '114-551-9284', 49, 'Cill Airne', 'Manitoba', '734 Charing Cross Plaza', 'Hudson and Sons');
insert into Facilities (FacilityID, PostalCode, WebAddress, PhoneNumber, Capacity, City, Province, Address, Name) values (21, '795189', 'http.com', '411-437-9541', 98, 'Wuyang', 'Quebec', '49 Merchant Drive', 'VonRueden-Gulgowski');
insert into Facilities (FacilityID, PostalCode, WebAddress, PhoneNumber, Capacity, City, Province, Address, Name) values (22, '668779', 'httpr.com', '594-421-7082', 100, 'Laraos', 'Alberta', '59 Nelson Crossing', 'Murray, Wyman and Torphy');
insert into Facilities (FacilityID, PostalCode, WebAddress, PhoneNumber, Capacity, City, Province, Address, Name) values (23, '455337', 'httppendent.co.uk', '796-998-9863', 20, 'Baocun', 'British Columbia', '81078 Scoville Trail', 'Towne-Ernser');
insert into Facilities (FacilityID, PostalCode, WebAddress, PhoneNumber, Capacity, City, Province, Address, Name) values (24, '079806', 'httpsgov', '185-949-8880', 28, 'Barmash', 'Manitoba', '17 Hovde Park', 'Schamberger Inc');
insert into Facilities (FacilityID, PostalCode, WebAddress, PhoneNumber, Capacity, City, Province, Address, Name) values (25, '282365', 'httpsov', '323-456-6457', 39, 'Katwijk', 'Quebec', '81 Emmet Circle', 'Durgan Group');
insert into Facilities (FacilityID, PostalCode, WebAddress, PhoneNumber, Capacity, City, Province, Address, Name) values (26, '884425', 'http.com', '384-199-4953', 36, 'Xinhe', 'Quebec', '966 Mitchell Pass', 'Hermann and Sons');
insert into Facilities (FacilityID, PostalCode, WebAddress, PhoneNumber, Capacity, City, Province, Address, Name) values (27, '510033', 'httpsca', '366-611-6969', 48, 'Serra de Santa Marinha', 'British Columbia', '5 Crescent Oaks Drive', 'Christiansen Group');
insert into Facilities (FacilityID, PostalCode, WebAddress, PhoneNumber, Capacity, City, Province, Address, Name) values (28, '127080', 'httpsnn.com', '144-452-2903', 91, 'Kista', 'Ontario', '4129 Nevada Place', 'Littel-Mraz');
insert into Facilities (FacilityID, PostalCode, WebAddress, PhoneNumber, Capacity, City, Province, Address, Name) values (29, '023893', 'httpub.io', '210-181-8724', 95, 'Petro-Slavyanka', 'Quebec', '2256 Harbort Place', 'Rodriguez Group');
insert into Facilities (FacilityID, PostalCode, WebAddress, PhoneNumber, Capacity, City, Province, Address, Name) values (30, '461172', 'httpnessweek.com', '656-765-8854', 49, 'Laval', 'Manitoba', '9 Anthes Center', 'Kon-Beer');

-- Operates 

insert into Operates (MinistryID, FacilityID) values (1, 1);
insert into Operates (MinistryID, FacilityID) values (2, 2);
insert into Operates (MinistryID, FacilityID) values (3, 3);
insert into Operates (MinistryID, FacilityID) values (4, 4);
insert into Operates (MinistryID, FacilityID) values (5, 5);
insert into Operates (MinistryID, FacilityID) values (6, 6);
insert into Operates (MinistryID, FacilityID) values (7, 7);
insert into Operates (MinistryID, FacilityID) values (8, 8);
insert into Operates (MinistryID, FacilityID) values (9, 9);
insert into Operates (MinistryID, FacilityID) values (10, 10);
insert into Operates (MinistryID, FacilityID) values (1, 11);
insert into Operates (MinistryID, FacilityID) values (2, 12);
insert into Operates (MinistryID, FacilityID) values (3, 13);
insert into Operates (MinistryID, FacilityID) values (4, 14);
insert into Operates (MinistryID, FacilityID) values (5, 15);
insert into Operates (MinistryID, FacilityID) values (6, 16);
insert into Operates (MinistryID, FacilityID) values (7, 17);
insert into Operates (MinistryID, FacilityID) values (8, 18);
insert into Operates (MinistryID, FacilityID) values (9, 19);
insert into Operates (MinistryID, FacilityID) values (10, 20);
insert into Operates (MinistryID, FacilityID) values (1, 21);
insert into Operates (MinistryID, FacilityID) values (2, 22);
insert into Operates (MinistryID, FacilityID) values (3, 23);
insert into Operates (MinistryID, FacilityID) values (4, 24);
insert into Operates (MinistryID, FacilityID) values (5, 25);
insert into Operates (MinistryID, FacilityID) values (6, 26);
insert into Operates (MinistryID, FacilityID) values (7, 27);
insert into Operates (MinistryID, FacilityID) values (8, 28);
insert into Operates (MinistryID, FacilityID) values (9, 29);
insert into Operates (MinistryID, FacilityID) values (10, 30);


-- Persons

insert into Persons (MedicareCardNumber, FirstName, LastName, MedicareExpiryDate, Province, DateOfBirth, TelephoneNumber, Address, Citizenship, PostalCode, EmailAddress) values ('chnb68073157', 'Sauncho', 'Gorick', '2022-09-30', 'Quebec', '2023-04-22', '268-706-1375', '861 Rutledge Avenue', 'Brazil', 'l1q7o2', 'sgorick0@pagesperso-orange.fr');
insert into Persons (MedicareCardNumber, FirstName, LastName, MedicareExpiryDate, Province, DateOfBirth, TelephoneNumber, Address, Citizenship, PostalCode, EmailAddress) values ('ddrh96552495', 'Kain', 'Jovicic', '2025-04-30', 'Ontario', '2023-01-07', '344-514-7049', '6 Menomonie Crossing', 'Honduras', 'f6l0s2', 'kjovicic1@huffingtonpost.com');
insert into Persons (MedicareCardNumber, FirstName, LastName, MedicareExpiryDate, Province, DateOfBirth, TelephoneNumber, Address, Citizenship, PostalCode, EmailAddress) values ('sonr94506633', 'Alfi', 'Lemonnier', '2024-06-09', 'Manitoba', '2022-11-13', '900-385-2400', '0074 Porter Pass', 'Russia', 'm5n3g1', 'alemonnier2@stanford.edu');
insert into Persons (MedicareCardNumber, FirstName, LastName, MedicareExpiryDate, Province, DateOfBirth, TelephoneNumber, Address, Citizenship, PostalCode, EmailAddress) values ('socq52922660', 'Hebert', 'Gierok', '2023-01-17', 'British Columbia', '2022-02-25', '849-760-8899', '91789 Karstens Alley', 'France', 'i1l0v4', 'hgierok3@tiny.cc');
insert into Persons (MedicareCardNumber, FirstName, LastName, MedicareExpiryDate, Province, DateOfBirth, TelephoneNumber, Address, Citizenship, PostalCode, EmailAddress) values ('tscn83047436', 'Cherin', 'Grewcock', '2023-11-22', 'Alberta', '2022-05-19', '659-812-8430', '56 Oak Way', 'Ukraine', 'l5u7r5', 'cgrewcock4@youku.com');
insert into Persons (MedicareCardNumber, FirstName, LastName, MedicareExpiryDate, Province, DateOfBirth, TelephoneNumber, Address, Citizenship, PostalCode, EmailAddress) values ('pzih79804641', 'Dede', 'Philcock', '2022-12-21', 'Quebec', '2023-03-16', '454-551-2988', '5 Charing Cross Circle', 'Czech Republic', 's3d8h6', 'dphilcock5@whitehouse.gov');
insert into Persons (MedicareCardNumber, FirstName, LastName, MedicareExpiryDate, Province, DateOfBirth, TelephoneNumber, Address, Citizenship, PostalCode, EmailAddress) values ('udzr21294375', 'Arlette', 'Milburne', '2024-02-03', 'Ontario', '2022-04-09', '338-495-9362', '3 Arapahoe Circle', 'Poland', 'c3q2l7', 'amilburne6@behance.net');
insert into Persons (MedicareCardNumber, FirstName, LastName, MedicareExpiryDate, Province, DateOfBirth, TelephoneNumber, Address, Citizenship, PostalCode, EmailAddress) values ('cwmx16384442', 'Frants', 'Buckel', '2025-04-13', 'Manitoba', '2022-10-27', '923-688-0396', '53466 Bayside Park', 'Indonesia', 'n2h4n1', 'fbuckel7@trellian.com');
insert into Persons (MedicareCardNumber, FirstName, LastName, MedicareExpiryDate, Province, DateOfBirth, TelephoneNumber, Address, Citizenship, PostalCode, EmailAddress) values ('zeqg99658583', 'Anya', 'Berrow', '2025-06-05', 'British Columbia', '2022-10-13', '271-195-4747', '52659 Aberg Court', 'Greece', 'r4y3s6', 'aberrow8@360.cn');
insert into Persons (MedicareCardNumber, FirstName, LastName, MedicareExpiryDate, Province, DateOfBirth, TelephoneNumber, Address, Citizenship, PostalCode, EmailAddress) values ('atks99812156', 'Joly', 'Bowers', '2024-10-01', 'Alberta', '2021-05-03', '417-441-7606', '68 Portage Drive', 'Ukraine', 'u1s6v4', 'jbowers9@usa.gov');
insert into Persons (MedicareCardNumber, FirstName, LastName, MedicareExpiryDate, Province, DateOfBirth, TelephoneNumber, Address, Citizenship, PostalCode, EmailAddress) values ('qclf54693559', 'Nancee', 'Fernyhough', '2024-06-17', 'Quebec', '2022-02-26', '152-495-5436', '3 Lotheville Street', 'Portugal', 's7h8d9', 'nfernyhougha@jimdo.com');
insert into Persons (MedicareCardNumber, FirstName, LastName, MedicareExpiryDate, Province, DateOfBirth, TelephoneNumber, Address, Citizenship, PostalCode, EmailAddress) values ('tjpb75240802', 'Ailina', 'Haimes', '2024-09-01', 'Ontario', '2021-02-05', '551-940-1710', '1634 Anniversary Circle', 'China', 'w0d9j3', 'ahaimesb@boston.com');
insert into Persons (MedicareCardNumber, FirstName, LastName, MedicareExpiryDate, Province, DateOfBirth, TelephoneNumber, Address, Citizenship, PostalCode, EmailAddress) values ('mufn13946729', 'Delilah', 'Broodes', '2022-10-11', 'Manitoba', '2021-04-02', '702-740-8741', '69029 Dryden Circle', 'United States', 'p7k3l1', 'dbroodesc@feedburner.com');
insert into Persons (MedicareCardNumber, FirstName, LastName, MedicareExpiryDate, Province, DateOfBirth, TelephoneNumber, Address, Citizenship, PostalCode, EmailAddress) values ('jcqj36587505', 'Carleen', 'Hathaway', '2024-05-17', 'British Columbia', '2023-05-25', '158-287-2917', '7 7th Crossing', 'Russia', 'z2v6d3', 'chathawayd@fema.gov');
insert into Persons (MedicareCardNumber, FirstName, LastName, MedicareExpiryDate, Province, DateOfBirth, TelephoneNumber, Address, Citizenship, PostalCode, EmailAddress) values ('eldl00129280', 'Marillin', 'Hoys', '2023-12-18', 'Alberta', '2022-09-12', '787-238-9106', '2 Forest Drive', 'Russia', 'a9y1i8', 'mhoyse@delicious.com');
insert into Persons (MedicareCardNumber, FirstName, LastName, MedicareExpiryDate, Province, DateOfBirth, TelephoneNumber, Address, Citizenship, PostalCode, EmailAddress) values ('mlus32550800', 'Noe', 'Penhearow', '2022-10-19', 'Quebec', '2022-04-18', '522-520-6509', '59065 Mosinee Plaza', 'Paraguay', 'y8n2y5', 'npenhearowf@pcworld.com');
insert into Persons (MedicareCardNumber, FirstName, LastName, MedicareExpiryDate, Province, DateOfBirth, TelephoneNumber, Address, Citizenship, PostalCode, EmailAddress) values ('qsep60324290', 'Billie', 'Bolsover', '2023-05-29', 'Ontario', '2022-06-04', '783-844-1134', '0 Reinke Alley', 'Bolivia', 'w5y1p8', 'bbolsoverg@tripadvisor.com');
insert into Persons (MedicareCardNumber, FirstName, LastName, MedicareExpiryDate, Province, DateOfBirth, TelephoneNumber, Address, Citizenship, PostalCode, EmailAddress) values ('eiax15101277', 'Tuck', 'Peetermann', '2024-09-29', 'Manitoba', '2022-02-19', '420-504-9539', '52 Messerschmidt Way', 'China', 'w6z4y3', 'tpeetermannh@rediff.com');
insert into Persons (MedicareCardNumber, FirstName, LastName, MedicareExpiryDate, Province, DateOfBirth, TelephoneNumber, Address, Citizenship, PostalCode, EmailAddress) values ('fmft30539826', 'Juliann', 'Mugleston', '2022-11-16', 'British Columbia', '2021-08-20', '879-481-1670', '3 Oneill Court', 'Philippines', 'd3q6o6', 'jmuglestoni@w3.org');
insert into Persons (MedicareCardNumber, FirstName, LastName, MedicareExpiryDate, Province, DateOfBirth, TelephoneNumber, Address, Citizenship, PostalCode, EmailAddress) values ('zdek42000873', 'Dov', 'Maulden', '2025-06-10', 'Alberta', '2023-05-04', '286-684-2052', '01 Kropf Crossing', 'Russia', 'f8e8l2', 'dmauldenj@ed.gov');
insert into Persons (MedicareCardNumber, FirstName, LastName, MedicareExpiryDate, Province, DateOfBirth, TelephoneNumber, Address, Citizenship, PostalCode, EmailAddress) values ('bzbk46547836', 'Patten', 'Matiebe', '2025-04-03', 'Quebec', '2023-05-13', '343-873-6384', '0 Hovde Plaza', 'France', 'p2w8l2', 'pmatiebek@shutterfly.com');
insert into Persons (MedicareCardNumber, FirstName, LastName, MedicareExpiryDate, Province, DateOfBirth, TelephoneNumber, Address, Citizenship, PostalCode, EmailAddress) values ('nyxu85611817', 'Lucie', 'Presnail', '2024-04-11', 'Ontario', '2023-05-15', '518-831-5776', '5736 Basil Parkway', 'Poland', 'v2s1t7', 'lpresnaill@joomla.org');
insert into Persons (MedicareCardNumber, FirstName, LastName, MedicareExpiryDate, Province, DateOfBirth, TelephoneNumber, Address, Citizenship, PostalCode, EmailAddress) values ('pczm46837052', 'Kylynn', 'McNally', '2024-02-02', 'Manitoba', '2023-01-07', '825-251-9092', '036 Corry Street', 'Russia', 'p8b7o1', 'kmcnallym@furl.net');
insert into Persons (MedicareCardNumber, FirstName, LastName, MedicareExpiryDate, Province, DateOfBirth, TelephoneNumber, Address, Citizenship, PostalCode, EmailAddress) values ('enny56422592', 'Eadie', 'Brosio', '2023-09-13', 'British Columbia', '2022-11-05', '926-602-5871', '49 Gerald Court', 'Colombia', 'u8m0k7', 'ebrosion@miibeian.gov.cn');
insert into Persons (MedicareCardNumber, FirstName, LastName, MedicareExpiryDate, Province, DateOfBirth, TelephoneNumber, Address, Citizenship, PostalCode, EmailAddress) values ('ywsc02075548', 'Giulietta', 'Baldocci', '2023-08-23', 'Alberta', '2022-07-16', '387-600-8712', '86605 Emmet Trail', 'Argentina', 'a0q6e5', 'gbaldoccio@sakura.ne.jp');
insert into Persons (MedicareCardNumber, FirstName, LastName, MedicareExpiryDate, Province, DateOfBirth, TelephoneNumber, Address, Citizenship, PostalCode, EmailAddress) values ('dpzw63877238', 'Kailey', 'Bawden', '2025-01-14', 'Quebec', '2021-11-24', '302-422-0006', '5 Holy Cross Avenue', 'China', 's0a4n8', 'kbawdenp@walmart.com');
insert into Persons (MedicareCardNumber, FirstName, LastName, MedicareExpiryDate, Province, DateOfBirth, TelephoneNumber, Address, Citizenship, PostalCode, EmailAddress) values ('fdlo28652111', 'Clarine', 'Stammirs', '2023-08-28', 'Ontario', '2022-09-28', '688-666-1878', '8 Arkansas Terrace', 'Indonesia', 'o7h1w2', 'cstammirsq@state.gov');
insert into Persons (MedicareCardNumber, FirstName, LastName, MedicareExpiryDate, Province, DateOfBirth, TelephoneNumber, Address, Citizenship, PostalCode, EmailAddress) values ('megp37616198', 'Vivie', 'Ameer-Beg', '2025-01-25', 'Manitoba', '2022-06-26', '178-217-0531', '55364 Main Pass', 'Poland', 'l3o7a0', 'vameerbegr@ihg.com');
insert into Persons (MedicareCardNumber, FirstName, LastName, MedicareExpiryDate, Province, DateOfBirth, TelephoneNumber, Address, Citizenship, PostalCode, EmailAddress) values ('owae00457175', 'Kimberlee', 'Ingliby', '2023-03-30', 'British Columbia', '2021-06-06', '485-842-9684', '36 Bluestem Crossing', 'China', 't7r4m8', 'kinglibys@opera.com');
insert into Persons (MedicareCardNumber, FirstName, LastName, MedicareExpiryDate, Province, DateOfBirth, TelephoneNumber, Address, Citizenship, PostalCode, EmailAddress) values ('vyzn02541021', 'Wynny', 'Stables', '2023-08-27', 'Alberta', '2021-09-10', '698-111-3364', '1 Pearson Junction', 'Mali', 'n5b2c2', 'wstablest@joomla.org');
insert into Persons (MedicareCardNumber, FirstName, LastName, MedicareExpiryDate, Province, DateOfBirth, TelephoneNumber, Address, Citizenship, PostalCode, EmailAddress) values ('vldh66815198', 'Barbi', 'Joskowicz', '2022-12-06', 'Quebec', '2023-04-03', '376-883-7684', '9226 Melvin Place', 'Morocco', 'i0b7l9', 'bjoskowiczu@gizmodo.com');
insert into Persons (MedicareCardNumber, FirstName, LastName, MedicareExpiryDate, Province, DateOfBirth, TelephoneNumber, Address, Citizenship, PostalCode, EmailAddress) values ('cqro21400322', 'Stephine', 'Libbie', '2023-12-15', 'Ontario', '2022-10-30', '912-323-2988', '4866 Toban Park', 'American Samoa', 'k1x3a4', 'slibbiev@cisco.com');
insert into Persons (MedicareCardNumber, FirstName, LastName, MedicareExpiryDate, Province, DateOfBirth, TelephoneNumber, Address, Citizenship, PostalCode, EmailAddress) values ('bkly08244132', 'Gonzales', 'Thouless', '2022-08-24', 'Manitoba', '2023-07-08', '362-456-4181', '3263 Superior Point', 'Indonesia', 'k5p9l3', 'gthoulessw@discuz.net');
insert into Persons (MedicareCardNumber, FirstName, LastName, MedicareExpiryDate, Province, DateOfBirth, TelephoneNumber, Address, Citizenship, PostalCode, EmailAddress) values ('bprq62852530', 'Audy', 'Lyenyng', '2022-12-19', 'British Columbia', '2021-11-15', '237-148-2809', '5 Gale Plaza', 'Philippines', 'l7y3p0', 'alyenyngx@mit.edu');
insert into Persons (MedicareCardNumber, FirstName, LastName, MedicareExpiryDate, Province, DateOfBirth, TelephoneNumber, Address, Citizenship, PostalCode, EmailAddress) values ('lhsu88256858', 'Hortensia', 'Vasilischev', '2022-10-21', 'Alberta', '2021-05-03', '711-272-9790', '95242 Reindahl Way', 'Guatemala', 'w4e0n9', 'hvasilischevy@latimes.com');
insert into Persons (MedicareCardNumber, FirstName, LastName, MedicareExpiryDate, Province, DateOfBirth, TelephoneNumber, Address, Citizenship, PostalCode, EmailAddress) values ('uqyb64093330', 'Bernita', 'Derell', '2025-01-06', 'Quebec', '2023-07-13', '972-475-6774', '154 Daystar Crossing', 'Indonesia', 'c5k4g8', 'bderellz@purevolume.com');
insert into Persons (MedicareCardNumber, FirstName, LastName, MedicareExpiryDate, Province, DateOfBirth, TelephoneNumber, Address, Citizenship, PostalCode, EmailAddress) values ('gpve73328248', 'Myrtice', 'Burde', '2023-02-05', 'Ontario', '2023-03-30', '347-544-8567', '788 Sutherland Hill', 'Czech Republic', 'b4i5c1', 'mburde10@miitbeian.gov.cn');
insert into Persons (MedicareCardNumber, FirstName, LastName, MedicareExpiryDate, Province, DateOfBirth, TelephoneNumber, Address, Citizenship, PostalCode, EmailAddress) values ('psnr24406771', 'Llewellyn', 'Caban', '2024-08-16', 'Manitoba', '2023-07-10', '272-596-8877', '386 Bultman Center', 'Indonesia', 'v0c3u1', 'lcaban11@github.io');
insert into Persons (MedicareCardNumber, FirstName, LastName, MedicareExpiryDate, Province, DateOfBirth, TelephoneNumber, Address, Citizenship, PostalCode, EmailAddress) values ('ekmg52328361', 'Garwood', 'Cogle', '2025-09-13', 'British Columbia', '2022-03-14', '811-436-1485', '64 Express Center', 'Poland', 'n2j6l2', 'gcogle12@wikimedia.org');
insert into Persons (MedicareCardNumber, FirstName, LastName, MedicareExpiryDate, Province, DateOfBirth, TelephoneNumber, Address, Citizenship, PostalCode, EmailAddress) values ('nixe31972681', 'Ronda', 'Olek', '2023-02-02', 'Alberta', '2021-06-28', '725-439-3425', '97504 School Drive', 'China', 'f9u1c4', 'rolek13@acquirethisname.com');
insert into Persons (MedicareCardNumber, FirstName, LastName, MedicareExpiryDate, Province, DateOfBirth, TelephoneNumber, Address, Citizenship, PostalCode, EmailAddress) values ('kbpu30268596', 'Corey', 'Botright', '2024-03-14', 'Quebec', '2023-01-14', '459-464-9523', '1375 Armistice Avenue', 'Thailand', 'q9p8v4', 'cbotright14@cnet.com');
insert into Persons (MedicareCardNumber, FirstName, LastName, MedicareExpiryDate, Province, DateOfBirth, TelephoneNumber, Address, Citizenship, PostalCode, EmailAddress) values ('gcpd29713356', 'Maddi', 'Farquarson', '2023-04-03', 'Ontario', '2022-03-25', '545-133-4810', '21 Karstens Crossing', 'Sweden', 'm8v3m0', 'mfarquarson15@amazonaws.com');
insert into Persons (MedicareCardNumber, FirstName, LastName, MedicareExpiryDate, Province, DateOfBirth, TelephoneNumber, Address, Citizenship, PostalCode, EmailAddress) values ('ygos53720461', 'Oran', 'Hawksley', '2023-06-27', 'Manitoba', '2022-10-17', '973-953-5487', '3 Schmedeman Drive', 'China', 'u2n0l7', 'ohawksley16@t.co');
insert into Persons (MedicareCardNumber, FirstName, LastName, MedicareExpiryDate, Province, DateOfBirth, TelephoneNumber, Address, Citizenship, PostalCode, EmailAddress) values ('hfse43060169', 'Minnnie', 'Petford', '2025-06-19', 'British Columbia', '2023-04-10', '356-155-6579', '27817 Quincy Way', 'Russia', 'p6d5x4', 'mpetford17@paginegialle.it');
insert into Persons (MedicareCardNumber, FirstName, LastName, MedicareExpiryDate, Province, DateOfBirth, TelephoneNumber, Address, Citizenship, PostalCode, EmailAddress) values ('imab26398970', 'Stephani', 'Alesin', '2023-11-01', 'Alberta', '2022-02-24', '467-496-7903', '57988 Killdeer Street', 'Norway', 'x5n7k7', 'salesin18@homestead.com');
insert into Persons (MedicareCardNumber, FirstName, LastName, MedicareExpiryDate, Province, DateOfBirth, TelephoneNumber, Address, Citizenship, PostalCode, EmailAddress) values ('jhfa32130886', 'Myron', 'Qualtro', '2023-10-25', 'Quebec', '2021-12-07', '764-978-3941', '652 Mallard Court', 'Peru', 'x1o5g4', 'mqualtro19@vinaora.com');
insert into Persons (MedicareCardNumber, FirstName, LastName, MedicareExpiryDate, Province, DateOfBirth, TelephoneNumber, Address, Citizenship, PostalCode, EmailAddress) values ('xuca53771633', 'Jaymie', 'Shorey', '2024-08-15', 'Ontario', '2021-10-06', '127-921-9984', '515 Kropf Lane', 'Indonesia', 'k5e9l5', 'jshorey1a@imdb.com');
insert into Persons (MedicareCardNumber, FirstName, LastName, MedicareExpiryDate, Province, DateOfBirth, TelephoneNumber, Address, Citizenship, PostalCode, EmailAddress) values ('ralg02129113', 'Brunhilde', 'Stening', '2024-09-14', 'Manitoba', '2022-03-31', '951-529-9241', '694 Packers Hill', 'Indonesia', 'e3b9r3', 'bstening1b@ft.com');
insert into Persons (MedicareCardNumber, FirstName, LastName, MedicareExpiryDate, Province, DateOfBirth, TelephoneNumber, Address, Citizenship, PostalCode, EmailAddress) values ('yrfp18569080', 'Lorilee', 'Adam', '2022-07-31', 'British Columbia', '2021-12-07', '631-641-3043', '27437 Lotheville Drive', 'China', 'a9f3p1', 'ladam1c@stumbleupon.com');
insert into Persons (MedicareCardNumber, FirstName, LastName, MedicareExpiryDate, Province, DateOfBirth, TelephoneNumber, Address, Citizenship, PostalCode, EmailAddress) values ('wruy16143565', 'Marina', 'Pigrome', '2024-08-29', 'Alberta', '2023-03-19', '420-415-4135', '0477 Drewry Terrace', 'Portugal', 'y4z2t1', 'mpigrome1d@amazon.com');
insert into Persons (MedicareCardNumber, FirstName, LastName, MedicareExpiryDate, Province, DateOfBirth, TelephoneNumber, Address, Citizenship, PostalCode, EmailAddress) values ('bvmf04864173', 'Madelene', 'Berriman', '2024-07-07', 'Quebec', '2022-03-13', '928-889-7373', '9 Porter Point', 'Indonesia', 'p3c0r4', 'mberriman1e@squarespace.com');
insert into Persons (MedicareCardNumber, FirstName, LastName, MedicareExpiryDate, Province, DateOfBirth, TelephoneNumber, Address, Citizenship, PostalCode, EmailAddress) values ('capc26072389', 'Diena', 'Haversham', '2023-05-29', 'Ontario', '2022-04-04', '194-844-4558', '37495 Maple Hill', 'Russia', 'w3a1n5', 'dhaversham1f@youtu.be');
insert into Persons (MedicareCardNumber, FirstName, LastName, MedicareExpiryDate, Province, DateOfBirth, TelephoneNumber, Address, Citizenship, PostalCode, EmailAddress) values ('eelc32041277', 'Enos', 'Sullly', '2025-02-12', 'Manitoba', '2021-11-26', '716-535-6637', '7927 Michigan Lane', 'Indonesia', 'm6y2c3', 'esullly1g@networkadvertising.org');
insert into Persons (MedicareCardNumber, FirstName, LastName, MedicareExpiryDate, Province, DateOfBirth, TelephoneNumber, Address, Citizenship, PostalCode, EmailAddress) values ('qfuh36449429', 'Tull', 'Pidgeley', '2022-08-20', 'British Columbia', '2022-02-11', '849-274-0101', '387 Glendale Circle', 'Finland', 'n9o3f7', 'tpidgeley1h@ted.com');
insert into Persons (MedicareCardNumber, FirstName, LastName, MedicareExpiryDate, Province, DateOfBirth, TelephoneNumber, Address, Citizenship, PostalCode, EmailAddress) values ('egek80853382', 'Barris', 'Rawstorne', '2022-10-27', 'Alberta', '2021-09-08', '953-927-8404', '380 Claremont Plaza', 'Indonesia', 'h0d1g8', 'brawstorne1i@deviantart.com');
insert into Persons (MedicareCardNumber, FirstName, LastName, MedicareExpiryDate, Province, DateOfBirth, TelephoneNumber, Address, Citizenship, PostalCode, EmailAddress) values ('vhrd09594403', 'Cyrill', 'Dutton', '2023-03-26', 'Quebec', '2023-01-13', '953-677-5687', '998 Columbus Lane', 'Poland', 'p8h0a4', 'cdutton1j@creativecommons.org');
insert into Persons (MedicareCardNumber, FirstName, LastName, MedicareExpiryDate, Province, DateOfBirth, TelephoneNumber, Address, Citizenship, PostalCode, EmailAddress) values ('lxht00591052', 'Prissie', 'Simanenko', '2024-10-16', 'Ontario', '2021-07-03', '848-128-9590', '20633 Lien Street', 'Indonesia', 'y2k1z1', 'psimanenko1k@mlb.com');
insert into Persons (MedicareCardNumber, FirstName, LastName, MedicareExpiryDate, Province, DateOfBirth, TelephoneNumber, Address, Citizenship, PostalCode, EmailAddress) values ('mqul29848145', 'Vanessa', 'Sneden', '2025-01-07', 'Manitoba', '2021-08-25', '660-150-9527', '52 Warbler Street', 'Poland', 'g3p2i4', 'vsneden1l@issuu.com');
insert into Persons (MedicareCardNumber, FirstName, LastName, MedicareExpiryDate, Province, DateOfBirth, TelephoneNumber, Address, Citizenship, PostalCode, EmailAddress) values ('hkos08195390', 'Olivero', 'Tiddeman', '2025-06-12', 'British Columbia', '2023-06-25', '442-951-6681', '2339 Sommers Pass', 'France', 'j4w0u3', 'otiddeman1m@usda.gov');
insert into Persons (MedicareCardNumber, FirstName, LastName, MedicareExpiryDate, Province, DateOfBirth, TelephoneNumber, Address, Citizenship, PostalCode, EmailAddress) values ('gizc27512732', 'Monro', 'Schuler', '2025-03-29', 'Alberta', '2023-04-02', '658-880-8418', '61 Fair Oaks Center', 'Peru', 'n1n7m7', 'mschuler1n@discuz.net');
insert into Persons (MedicareCardNumber, FirstName, LastName, MedicareExpiryDate, Province, DateOfBirth, TelephoneNumber, Address, Citizenship, PostalCode, EmailAddress) values ('emge34254207', 'Joela', 'Whimpenny', '2024-09-05', 'Quebec', '2023-07-14', '729-412-7791', '647 Ruskin Point', 'Poland', 'e1b4o2', 'jwhimpenny1o@tmall.com');
insert into Persons (MedicareCardNumber, FirstName, LastName, MedicareExpiryDate, Province, DateOfBirth, TelephoneNumber, Address, Citizenship, PostalCode, EmailAddress) values ('tcnf16204183', 'Carlynne', 'Mazzeo', '2023-08-28', 'Ontario', '2021-08-27', '405-757-5896', '8655 Rusk Point', 'Uzbekistan', 'c1d9g3', 'cmazzeo1p@boston.com');
insert into Persons (MedicareCardNumber, FirstName, LastName, MedicareExpiryDate, Province, DateOfBirth, TelephoneNumber, Address, Citizenship, PostalCode, EmailAddress) values ('hjye68751628', 'Gustaf', 'Kleeborn', '2024-01-11', 'Manitoba', '2022-07-14', '594-699-4219', '21 Mockingbird Court', 'Dominican Republic', 'y2m2o9', 'gkleeborn1q@godaddy.com');
insert into Persons (MedicareCardNumber, FirstName, LastName, MedicareExpiryDate, Province, DateOfBirth, TelephoneNumber, Address, Citizenship, PostalCode, EmailAddress) values ('jhkf86218417', 'Halley', 'Crier', '2025-02-20', 'British Columbia', '2023-06-11', '705-277-4369', '52430 Rusk Center', 'China', 'm5f6q1', 'hcrier1r@shutterfly.com');
insert into Persons (MedicareCardNumber, FirstName, LastName, MedicareExpiryDate, Province, DateOfBirth, TelephoneNumber, Address, Citizenship, PostalCode, EmailAddress) values ('xhxy87004970', 'Artur', 'MacGettigen', '2025-08-29', 'Alberta', '2021-09-26', '113-799-6480', '4 Huxley Point', 'Portugal', 'i7e0q3', 'amacgettigen1s@last.fm');
insert into Persons (MedicareCardNumber, FirstName, LastName, MedicareExpiryDate, Province, DateOfBirth, TelephoneNumber, Address, Citizenship, PostalCode, EmailAddress) values ('rwjh24116649', 'Floris', 'Abells', '2025-02-17', 'Quebec', '2022-11-01', '510-559-6580', '1346 Waubesa Hill', 'United States', 'd0c0v3', 'fabells1t@scribd.com');
insert into Persons (MedicareCardNumber, FirstName, LastName, MedicareExpiryDate, Province, DateOfBirth, TelephoneNumber, Address, Citizenship, PostalCode, EmailAddress) values ('qusm42314138', 'Shayna', 'Shearmur', '2023-05-20', 'Ontario', '2022-01-20', '581-557-7297', '19 Clyde Gallagher Hill', 'China', 'a9h4x2', 'sshearmur1u@zdnet.com');
insert into Persons (MedicareCardNumber, FirstName, LastName, MedicareExpiryDate, Province, DateOfBirth, TelephoneNumber, Address, Citizenship, PostalCode, EmailAddress) values ('jjfq23871528', 'Budd', 'Chadwyck', '2022-11-08', 'Manitoba', '2021-12-25', '911-931-3054', '5 Anzinger Terrace', 'Poland', 'd3f0z3', 'bchadwyck1v@drupal.org');
insert into Persons (MedicareCardNumber, FirstName, LastName, MedicareExpiryDate, Province, DateOfBirth, TelephoneNumber, Address, Citizenship, PostalCode, EmailAddress) values ('psbf68888047', 'Tobe', 'Linay', '2023-10-18', 'British Columbia', '2022-02-08', '751-168-9448', '75667 Ridgeview Center', 'China', 'c2l5b6', 'tlinay1w@flavors.me');
insert into Persons (MedicareCardNumber, FirstName, LastName, MedicareExpiryDate, Province, DateOfBirth, TelephoneNumber, Address, Citizenship, PostalCode, EmailAddress) values ('lryt26472999', 'Darda', 'Lewton', '2023-05-23', 'Alberta', '2021-04-14', '539-440-1129', '21025 Ludington Park', 'Indonesia', 's6n8g2', 'dlewton1x@home.pl');
insert into Persons (MedicareCardNumber, FirstName, LastName, MedicareExpiryDate, Province, DateOfBirth, TelephoneNumber, Address, Citizenship, PostalCode, EmailAddress) values ('pylw96019050', 'Ignatius', 'Howie', '2025-05-22', 'Quebec', '2022-07-25', '789-326-2116', '3 Chive Hill', 'China', 't5k0t5', 'ihowie1y@tripod.com');
insert into Persons (MedicareCardNumber, FirstName, LastName, MedicareExpiryDate, Province, DateOfBirth, TelephoneNumber, Address, Citizenship, PostalCode, EmailAddress) values ('fmvc80218553', 'Franklin', 'Woolhouse', '2022-08-02', 'Ontario', '2021-02-11', '133-985-9628', '16330 Cascade Junction', 'Philippines', 'q9n4y3', 'fwoolhouse1z@ucoz.com');
insert into Persons (MedicareCardNumber, FirstName, LastName, MedicareExpiryDate, Province, DateOfBirth, TelephoneNumber, Address, Citizenship, PostalCode, EmailAddress) values ('wtpf09744672', 'Charis', 'Culvey', '2023-11-01', 'Manitoba', '2021-06-09', '429-376-4388', '5749 Larry Pass', 'China', 'k1b8b9', 'cculvey20@deliciousdays.com');
insert into Persons (MedicareCardNumber, FirstName, LastName, MedicareExpiryDate, Province, DateOfBirth, TelephoneNumber, Address, Citizenship, PostalCode, EmailAddress) values ('swdq22036839', 'Damiano', 'Huet', '2023-12-08', 'British Columbia', '2021-12-05', '184-746-9265', '55850 Corry Avenue', 'Thailand', 'j4g7a0', 'dhuet21@tinyurl.com');
insert into Persons (MedicareCardNumber, FirstName, LastName, MedicareExpiryDate, Province, DateOfBirth, TelephoneNumber, Address, Citizenship, PostalCode, EmailAddress) values ('ptym02499681', 'Dian', 'Leyton', '2024-12-29', 'Alberta', '2023-05-20', '425-172-5270', '760 Fuller Pass', 'Philippines', 'h0y9e8', 'dleyton22@dell.com');
insert into Persons (MedicareCardNumber, FirstName, LastName, MedicareExpiryDate, Province, DateOfBirth, TelephoneNumber, Address, Citizenship, PostalCode, EmailAddress) values ('zazb04625227', 'Gram', 'Thoumasson', '2023-10-09', 'Quebec', '2022-05-20', '396-700-6128', '45853 Lukken Park', 'Portugal', 'c1t5m0', 'gthoumasson23@amazon.com');
insert into Persons (MedicareCardNumber, FirstName, LastName, MedicareExpiryDate, Province, DateOfBirth, TelephoneNumber, Address, Citizenship, PostalCode, EmailAddress) values ('gnvw66226509', 'Edik', 'Figgures', '2022-08-02', 'Ontario', '2022-09-21', '527-349-5294', '8 Hovde Plaza', 'Philippines', 'q7g4b2', 'efiggures24@yale.edu');
insert into Persons (MedicareCardNumber, FirstName, LastName, MedicareExpiryDate, Province, DateOfBirth, TelephoneNumber, Address, Citizenship, PostalCode, EmailAddress) values ('qwyp40848888', 'Imojean', 'Funcheon', '2023-08-22', 'Manitoba', '2022-04-29', '871-389-5375', '3 Division Parkway', 'France', 'm9s1e3', 'ifuncheon25@myspace.com');
insert into Persons (MedicareCardNumber, FirstName, LastName, MedicareExpiryDate, Province, DateOfBirth, TelephoneNumber, Address, Citizenship, PostalCode, EmailAddress) values ('mmbj21491450', 'Sasha', 'Simner', '2024-09-07', 'British Columbia', '2023-07-07', '359-387-2534', '36 Schlimgen Crossing', 'Czech Republic', 'n0j8c9', 'ssimner26@ed.gov');
insert into Persons (MedicareCardNumber, FirstName, LastName, MedicareExpiryDate, Province, DateOfBirth, TelephoneNumber, Address, Citizenship, PostalCode, EmailAddress) values ('dxkf79246024', 'Abramo', 'Hammant', '2024-06-07', 'Alberta', '2023-03-05', '229-257-0641', '59 Comanche Street', 'Vietnam', 'm6u0l1', 'ahammant27@issuu.com');
insert into Persons (MedicareCardNumber, FirstName, LastName, MedicareExpiryDate, Province, DateOfBirth, TelephoneNumber, Address, Citizenship, PostalCode, EmailAddress) values ('cjmv60245894', 'Robbie', 'Jochens', '2022-09-18', 'Quebec', '2023-03-13', '504-871-5438', '3218 Di Loreto Hill', 'Peru', 'v5d0l6', 'rjochens28@huffingtonpost.com');
insert into Persons (MedicareCardNumber, FirstName, LastName, MedicareExpiryDate, Province, DateOfBirth, TelephoneNumber, Address, Citizenship, PostalCode, EmailAddress) values ('fflo43130116', 'Cathyleen', 'Dulson', '2023-09-22', 'Ontario', '2022-02-03', '916-220-8381', '37 Little Fleur Hill', 'United States', 's4s3g4', 'cdulson29@dailymail.co.uk');
insert into Persons (MedicareCardNumber, FirstName, LastName, MedicareExpiryDate, Province, DateOfBirth, TelephoneNumber, Address, Citizenship, PostalCode, EmailAddress) values ('neno54514142', 'Abby', 'Sames', '2024-11-09', 'Manitoba', '2021-05-29', '387-722-8367', '673 Walton Alley', 'Russia', 'h7z5g7', 'asames2a@163.com');
insert into Persons (MedicareCardNumber, FirstName, LastName, MedicareExpiryDate, Province, DateOfBirth, TelephoneNumber, Address, Citizenship, PostalCode, EmailAddress) values ('lgey27382514', 'Zonnya', 'Dodman', '2022-07-28', 'British Columbia', '2022-07-20', '193-840-7653', '8 Oriole Avenue', 'Portugal', 'r7f4u3', 'zdodman2b@pagesperso-orange.fr');
insert into Persons (MedicareCardNumber, FirstName, LastName, MedicareExpiryDate, Province, DateOfBirth, TelephoneNumber, Address, Citizenship, PostalCode, EmailAddress) values ('rioe89352575', 'Corny', 'Crollman', '2023-09-04', 'Alberta', '2021-08-14', '279-248-1582', '1300 Starling Road', 'China', 'b6y5c5', 'ccrollman2c@mashable.com');
insert into Persons (MedicareCardNumber, FirstName, LastName, MedicareExpiryDate, Province, DateOfBirth, TelephoneNumber, Address, Citizenship, PostalCode, EmailAddress) values ('vwry25573289', 'Mathilda', 'Lanfer', '2025-07-13', 'Quebec', '2022-08-19', '553-709-2722', '11 Bellgrove Lane', 'Indonesia', 'b2v0o6', 'mlanfer2d@newsvine.com');
insert into Persons (MedicareCardNumber, FirstName, LastName, MedicareExpiryDate, Province, DateOfBirth, TelephoneNumber, Address, Citizenship, PostalCode, EmailAddress) values ('gdfm09523270', 'Nonie', 'Dimond', '2024-01-11', 'Ontario', '2022-11-07', '990-741-1385', '5 Sunnyside Trail', 'Russia', 't5v3u8', 'ndimond2e@gizmodo.com');
insert into Persons (MedicareCardNumber, FirstName, LastName, MedicareExpiryDate, Province, DateOfBirth, TelephoneNumber, Address, Citizenship, PostalCode, EmailAddress) values ('tysa65788909', 'Serge', 'Reeds', '2024-06-08', 'Manitoba', '2022-12-07', '193-190-2732', '2 Granby Lane', 'Armenia', 'b6a5y2', 'sreeds2f@webs.com');
insert into Persons (MedicareCardNumber, FirstName, LastName, MedicareExpiryDate, Province, DateOfBirth, TelephoneNumber, Address, Citizenship, PostalCode, EmailAddress) values ('pcbi82346648', 'Dorelle', 'Blenkharn', '2024-01-06', 'British Columbia', '2022-08-24', '672-146-9239', '919 Troy Road', 'Afghanistan', 'x1z7a5', 'dblenkharn2g@blog.com');
insert into Persons (MedicareCardNumber, FirstName, LastName, MedicareExpiryDate, Province, DateOfBirth, TelephoneNumber, Address, Citizenship, PostalCode, EmailAddress) values ('ofxh62384749', 'Cindie', 'MacDougall', '2025-05-01', 'Alberta', '2022-03-27', '564-127-3631', '275 Division Way', 'Indonesia', 's3v7s1', 'cmacdougall2h@aboutads.info');
insert into Persons (MedicareCardNumber, FirstName, LastName, MedicareExpiryDate, Province, DateOfBirth, TelephoneNumber, Address, Citizenship, PostalCode, EmailAddress) values ('sxga74866857', 'Marlowe', 'McPhelimey', '2024-07-07', 'Quebec', '2022-11-09', '301-392-1126', '4 Sunbrook Lane', 'China', 'm0z8h8', 'mmcphelimey2i@weather.com');
insert into Persons (MedicareCardNumber, FirstName, LastName, MedicareExpiryDate, Province, DateOfBirth, TelephoneNumber, Address, Citizenship, PostalCode, EmailAddress) values ('xrug14464864', 'Persis', 'Palomba', '2024-05-14', 'Ontario', '2022-05-23', '403-434-3174', '390 Elmside Drive', 'Sweden', 'w2s1n7', 'ppalomba2j@tripod.com');
insert into Persons (MedicareCardNumber, FirstName, LastName, MedicareExpiryDate, Province, DateOfBirth, TelephoneNumber, Address, Citizenship, PostalCode, EmailAddress) values ('nxrv84271244', 'Kimberley', 'Munday', '2023-02-03', 'Manitoba', '2022-10-07', '723-956-6181', '046 Sheridan Lane', 'Haiti', 's0l8f5', 'kmunday2k@ehow.com');
insert into Persons (MedicareCardNumber, FirstName, LastName, MedicareExpiryDate, Province, DateOfBirth, TelephoneNumber, Address, Citizenship, PostalCode, EmailAddress) values ('ypwn67880138', 'Maribel', 'Tireman', '2023-09-18', 'British Columbia', '2023-04-16', '584-740-1669', '4007 Redwing Park', 'Greece', 'u3c0w7', 'mtireman2l@archive.org');
insert into Persons (MedicareCardNumber, FirstName, LastName, MedicareExpiryDate, Province, DateOfBirth, TelephoneNumber, Address, Citizenship, PostalCode, EmailAddress) values ('rutm38908574', 'Sephira', 'Ghidoni', '2023-04-25', 'Alberta', '2022-01-12', '813-257-0076', '5855 Vera Place', 'United States', 'r1b1n3', 'sghidoni2m@google.co.jp');
insert into Persons (MedicareCardNumber, FirstName, LastName, MedicareExpiryDate, Province, DateOfBirth, TelephoneNumber, Address, Citizenship, PostalCode, EmailAddress) values ('txbh03887025', 'Salomon', 'Snookes', '2022-11-21', 'Quebec', '2022-12-18', '125-194-6483', '30 Kim Crossing', 'Russia', 'z9w8w3', 'ssnookes2n@g.co');
insert into Persons (MedicareCardNumber, FirstName, LastName, MedicareExpiryDate, Province, DateOfBirth, TelephoneNumber, Address, Citizenship, PostalCode, EmailAddress) values ('jevl40904934', 'Virge', 'Cecchetelli', '2023-11-29', 'Ontario', '2022-12-14', '115-478-7352', '19 Crescent Oaks Crossing', 'France', 'h5j0j2', 'vcecchetelli2o@hugedomains.com');
insert into Persons (MedicareCardNumber, FirstName, LastName, MedicareExpiryDate, Province, DateOfBirth, TelephoneNumber, Address, Citizenship, PostalCode, EmailAddress) values ('wgcf20915276', 'Elvira', 'Roberds', '2023-04-13', 'Manitoba', '2021-09-02', '421-656-5125', '33 Londonderry Parkway', 'Philippines', 'r8q6w5', 'eroberds2p@arizona.edu');
insert into Persons (MedicareCardNumber, FirstName, LastName, MedicareExpiryDate, Province, DateOfBirth, TelephoneNumber, Address, Citizenship, PostalCode, EmailAddress) values ('oiga45430748', 'Shanan', 'Blucher', '2025-06-12', 'British Columbia', '2022-01-06', '510-951-8720', '59 School Circle', 'Brazil', 'g0e8z9', 'sblucher2q@digg.com');
insert into Persons (MedicareCardNumber, FirstName, LastName, MedicareExpiryDate, Province, DateOfBirth, TelephoneNumber, Address, Citizenship, PostalCode, EmailAddress) values ('jnei34873512', 'Delmore', 'Cratchley', '2025-07-14', 'Alberta', '2022-03-29', '291-297-3529', '79 Corscot Plaza', 'Nigeria', 'a8e6s2', 'dcratchley2r@google.com.hk');
insert into Persons (MedicareCardNumber, FirstName, LastName, MedicareExpiryDate, Province, DateOfBirth, TelephoneNumber, Address, Citizenship, PostalCode, EmailAddress) values ('inbi07848043', 'Jo', 'Weich', '2023-05-24', 'Quebec', '2022-06-14', '235-213-4665', '54 Hanover Parkway', 'Indonesia', 'd4j4e3', 'jweich2s@un.org');
insert into Persons (MedicareCardNumber, FirstName, LastName, MedicareExpiryDate, Province, DateOfBirth, TelephoneNumber, Address, Citizenship, PostalCode, EmailAddress) values ('xldj37998130', 'Pattie', 'Escott', '2024-05-21', 'Ontario', '2022-07-08', '121-631-9525', '998 Elgar Plaza', 'Brazil', 'g2a1d9', 'pescott2t@yandex.ru');
insert into Persons (MedicareCardNumber, FirstName, LastName, MedicareExpiryDate, Province, DateOfBirth, TelephoneNumber, Address, Citizenship, PostalCode, EmailAddress) values ('alji19160144', 'Sax', 'Buttriss', '2024-07-28', 'Manitoba', '2021-02-22', '407-389-8682', '09213 Evergreen Hill', 'Japan', 'v6r5n4', 'sbuttriss2u@domainmarket.com');
insert into Persons (MedicareCardNumber, FirstName, LastName, MedicareExpiryDate, Province, DateOfBirth, TelephoneNumber, Address, Citizenship, PostalCode, EmailAddress) values ('ntdn93645414', 'Evelyn', 'McKeveney', '2023-07-24', 'British Columbia', '2022-10-12', '808-675-4543', '053 New Castle Court', 'Indonesia', 'o2z6k3', 'emckeveney2v@baidu.com');
insert into Persons (MedicareCardNumber, FirstName, LastName, MedicareExpiryDate, Province, DateOfBirth, TelephoneNumber, Address, Citizenship, PostalCode, EmailAddress) values ('arfk63854853', 'Calli', 'Pimlott', '2024-06-23', 'Alberta', '2022-05-05', '940-498-1864', '54085 Logan Circle', 'Indonesia', 'p4h1c1', 'cpimlott2w@plala.or.jp');
insert into Persons (MedicareCardNumber, FirstName, LastName, MedicareExpiryDate, Province, DateOfBirth, TelephoneNumber, Address, Citizenship, PostalCode, EmailAddress) values ('eewd09862766', 'Samuel', 'Vivien', '2023-09-30', 'Quebec', '2021-03-28', '602-794-9991', '28999 Bunting Trail', 'Brazil', 's7j4z3', 'svivien2x@photobucket.com');
insert into Persons (MedicareCardNumber, FirstName, LastName, MedicareExpiryDate, Province, DateOfBirth, TelephoneNumber, Address, Citizenship, PostalCode, EmailAddress) values ('fmnr38462528', 'Raymond', 'Stoltz', '2022-08-19', 'Ontario', '2022-01-21', '341-605-7305', '90 Fairfield Alley', 'Poland', 'p9k8n5', 'rstoltz2y@yellowpages.com');
insert into Persons (MedicareCardNumber, FirstName, LastName, MedicareExpiryDate, Province, DateOfBirth, TelephoneNumber, Address, Citizenship, PostalCode, EmailAddress) values ('rttt98363344', 'Alvera', 'Plose', '2023-12-21', 'Manitoba', '2021-04-12', '571-772-8517', '3 Wayridge Crossing', 'Russia', 'd2o4p1', 'aplose2z@infoseek.co.jp');
insert into Persons (MedicareCardNumber, FirstName, LastName, MedicareExpiryDate, Province, DateOfBirth, TelephoneNumber, Address, Citizenship, PostalCode, EmailAddress) values ('cbav56372713', 'Valina', 'Canada', '2023-09-09', 'British Columbia', '2021-05-20', '292-941-7706', '419 Anderson Junction', 'Luxembourg', 'w4t8d9', 'vcanada30@berkeley.edu');
insert into Persons (MedicareCardNumber, FirstName, LastName, MedicareExpiryDate, Province, DateOfBirth, TelephoneNumber, Address, Citizenship, PostalCode, EmailAddress) values ('ukfl91653042', 'Renault', 'Amburgy', '2022-10-25', 'Alberta', '2022-09-28', '804-476-8828', '9 Hoard Trail', 'Saint Pierre and Miquelon', 's6y4b4', 'ramburgy31@mozilla.org');
insert into Persons (MedicareCardNumber, FirstName, LastName, MedicareExpiryDate, Province, DateOfBirth, TelephoneNumber, Address, Citizenship, PostalCode, EmailAddress) values ('zhsb72120820', 'Angus', 'Keys', '2025-01-05', 'Quebec', '2022-01-27', '274-569-3654', '87235 Bobwhite Trail', 'China', 'p8e3m4', 'akeys32@ebay.co.uk');
insert into Persons (MedicareCardNumber, FirstName, LastName, MedicareExpiryDate, Province, DateOfBirth, TelephoneNumber, Address, Citizenship, PostalCode, EmailAddress) values ('vswl85620639', 'Lucine', 'Hagger', '2024-05-23', 'Ontario', '2022-07-10', '816-174-8831', '14 Roth Park', 'Thailand', 's2z8h1', 'lhagger33@amazon.co.jp');
insert into Persons (MedicareCardNumber, FirstName, LastName, MedicareExpiryDate, Province, DateOfBirth, TelephoneNumber, Address, Citizenship, PostalCode, EmailAddress) values ('oinw51730594', 'Huberto', 'Blais', '2024-08-14', 'Manitoba', '2023-03-16', '602-734-8303', '09 Reindahl Street', 'United States', 'r1f0d6', 'hblais34@latimes.com');
insert into Persons (MedicareCardNumber, FirstName, LastName, MedicareExpiryDate, Province, DateOfBirth, TelephoneNumber, Address, Citizenship, PostalCode, EmailAddress) values ('wmxb79359123', 'Alexine', 'Ashleigh', '2025-05-26', 'British Columbia', '2022-01-27', '729-564-7951', '4 Springview Street', 'Russia', 'u3a2j2', 'aashleigh35@globo.com');
insert into Persons (MedicareCardNumber, FirstName, LastName, MedicareExpiryDate, Province, DateOfBirth, TelephoneNumber, Address, Citizenship, PostalCode, EmailAddress) values ('sixb22790076', 'Stacia', 'Penrith', '2023-08-01', 'Alberta', '2022-04-11', '356-392-2670', '6228 Victoria Lane', 'Philippines', 'v5n6d1', 'spenrith36@un.org');
insert into Persons (MedicareCardNumber, FirstName, LastName, MedicareExpiryDate, Province, DateOfBirth, TelephoneNumber, Address, Citizenship, PostalCode, EmailAddress) values ('ekkh51355135', 'Catie', 'Du Fray', '2022-11-16', 'Quebec', '2021-09-01', '300-727-4909', '18 Oak Center', 'Portugal', 'o0o1j8', 'cdufray37@walmart.com');
insert into Persons (MedicareCardNumber, FirstName, LastName, MedicareExpiryDate, Province, DateOfBirth, TelephoneNumber, Address, Citizenship, PostalCode, EmailAddress) values ('hvbb04937488', 'Lacy', 'Pomphrey', '2025-03-25', 'Ontario', '2021-08-16', '786-780-5159', '5 Nova Center', 'Philippines', 'd2t8w8', 'lpomphrey38@pinterest.com');
insert into Persons (MedicareCardNumber, FirstName, LastName, MedicareExpiryDate, Province, DateOfBirth, TelephoneNumber, Address, Citizenship, PostalCode, EmailAddress) values ('ycfa62422408', 'Consuelo', 'Coie', '2025-02-13', 'Manitoba', '2022-04-28', '719-568-1971', '6 Summer Ridge Pass', 'Uganda', 'c9a2l0', 'ccoie39@mlb.com');
insert into Persons (MedicareCardNumber, FirstName, LastName, MedicareExpiryDate, Province, DateOfBirth, TelephoneNumber, Address, Citizenship, PostalCode, EmailAddress) values ('rxyt38729160', 'Amalia', 'Vanetti', '2025-08-20', 'British Columbia', '2021-08-15', '784-167-4103', '26342 Caliangt Road', 'China', 'i6f1r2', 'avanetti3a@tinyurl.com');
insert into Persons (MedicareCardNumber, FirstName, LastName, MedicareExpiryDate, Province, DateOfBirth, TelephoneNumber, Address, Citizenship, PostalCode, EmailAddress) values ('sfnj98064680', 'Katey', 'Swinnerton', '2022-10-29', 'Alberta', '2022-06-28', '126-232-3767', '7313 Jenna Circle', 'China', 'p4h4b7', 'kswinnerton3b@spotify.com');
insert into Persons (MedicareCardNumber, FirstName, LastName, MedicareExpiryDate, Province, DateOfBirth, TelephoneNumber, Address, Citizenship, PostalCode, EmailAddress) values ('okpb78117732', 'Joellen', 'McCusker', '2024-03-01', 'Quebec', '2021-08-22', '625-995-7073', '234 Ohio Circle', 'Russia', 'k4w4x0', 'jmccusker3c@google.co.uk');
insert into Persons (MedicareCardNumber, FirstName, LastName, MedicareExpiryDate, Province, DateOfBirth, TelephoneNumber, Address, Citizenship, PostalCode, EmailAddress) values ('fztq13635177', 'Antonio', 'Hughlin', '2024-06-02', 'Ontario', '2023-04-12', '465-351-2445', '726 Gale Crossing', 'Kazakhstan', 'p4l3f6', 'ahughlin3d@sphinn.com');
insert into Persons (MedicareCardNumber, FirstName, LastName, MedicareExpiryDate, Province, DateOfBirth, TelephoneNumber, Address, Citizenship, PostalCode, EmailAddress) values ('wdni35889625', 'Demetra', 'Althrope', '2023-11-02', 'Manitoba', '2022-01-12', '422-687-9435', '5612 School Pass', 'Russia', 'n2i5l7', 'dalthrope3e@g.co');
insert into Persons (MedicareCardNumber, FirstName, LastName, MedicareExpiryDate, Province, DateOfBirth, TelephoneNumber, Address, Citizenship, PostalCode, EmailAddress) values ('ashe33486445', 'Bobinette', 'Yeatman', '2023-06-27', 'British Columbia', '2023-03-23', '106-111-6833', '92543 Old Shore Plaza', 'Philippines', 'j5i9l1', 'byeatman3f@ask.com');
insert into Persons (MedicareCardNumber, FirstName, LastName, MedicareExpiryDate, Province, DateOfBirth, TelephoneNumber, Address, Citizenship, PostalCode, EmailAddress) values ('ruqr16089855', 'Teresina', 'Kilmurry', '2023-06-13', 'Alberta', '2022-11-28', '281-443-6319', '55740 Crest Line Court', 'Philippines', 'u6g8h3', 'tkilmurry3g@washington.edu');
insert into Persons (MedicareCardNumber, FirstName, LastName, MedicareExpiryDate, Province, DateOfBirth, TelephoneNumber, Address, Citizenship, PostalCode, EmailAddress) values ('gplk09316668', 'Annora', 'Balmforth', '2022-10-06', 'Quebec', '2022-01-15', '714-921-3178', '20 6th Avenue', 'Portugal', 'r1q4g8', 'abalmforth3h@theguardian.com');
insert into Persons (MedicareCardNumber, FirstName, LastName, MedicareExpiryDate, Province, DateOfBirth, TelephoneNumber, Address, Citizenship, PostalCode, EmailAddress) values ('hloq08348050', 'Demetri', 'Martin', '2023-11-01', 'Ontario', '2023-01-07', '127-274-0733', '7795 Cody Alley', 'South Africa', 'p1p0p0', 'dmartin3i@hugedomains.com');
insert into Persons (MedicareCardNumber, FirstName, LastName, MedicareExpiryDate, Province, DateOfBirth, TelephoneNumber, Address, Citizenship, PostalCode, EmailAddress) values ('uewd97679062', 'Aurea', 'Gocher', '2024-03-23', 'Manitoba', '2021-10-11', '215-557-3809', '5 Lunder Way', 'Ukraine', 'h2q3b1', 'agocher3j@flickr.com');
insert into Persons (MedicareCardNumber, FirstName, LastName, MedicareExpiryDate, Province, DateOfBirth, TelephoneNumber, Address, Citizenship, PostalCode, EmailAddress) values ('gbzz14554741', 'Guglielma', 'Bagenal', '2022-08-27', 'British Columbia', '2021-05-03', '677-445-3912', '14857 Heath Circle', 'Indonesia', 'c7h8p6', 'gbagenal3k@ustream.tv');
insert into Persons (MedicareCardNumber, FirstName, LastName, MedicareExpiryDate, Province, DateOfBirth, TelephoneNumber, Address, Citizenship, PostalCode, EmailAddress) values ('czaf10943713', 'Inglebert', 'Mountstephen', '2024-07-09', 'Alberta', '2022-05-31', '504-817-0943', '44 Schmedeman Point', 'Indonesia', 'k2l0f0', 'imountstephen3l@paypal.com');
insert into Persons (MedicareCardNumber, FirstName, LastName, MedicareExpiryDate, Province, DateOfBirth, TelephoneNumber, Address, Citizenship, PostalCode, EmailAddress) values ('hodn32872143', 'Nyssa', 'Gadsby', '2025-02-11', 'Quebec', '2021-03-28', '656-304-0713', '75 Ilene Junction', 'Poland', 'v2l9d4', 'ngadsby3m@army.mil');
insert into Persons (MedicareCardNumber, FirstName, LastName, MedicareExpiryDate, Province, DateOfBirth, TelephoneNumber, Address, Citizenship, PostalCode, EmailAddress) values ('kkeb25715635', 'Padriac', 'Barnsley', '2023-10-17', 'Ontario', '2023-02-26', '170-990-1870', '11 Hooker Junction', 'Russia', 'a2o7i6', 'pbarnsley3n@amazonaws.com');
insert into Persons (MedicareCardNumber, FirstName, LastName, MedicareExpiryDate, Province, DateOfBirth, TelephoneNumber, Address, Citizenship, PostalCode, EmailAddress) values ('jdom93566120', 'Rochella', 'Croydon', '2023-09-30', 'Manitoba', '2023-06-06', '892-729-5442', '159 Golf View Point', 'Poland', 'r8p2w3', 'rcroydon3o@bing.com');
insert into Persons (MedicareCardNumber, FirstName, LastName, MedicareExpiryDate, Province, DateOfBirth, TelephoneNumber, Address, Citizenship, PostalCode, EmailAddress) values ('klve18540781', 'Davidde', 'Bertelmot', '2025-04-27', 'British Columbia', '2023-07-12', '240-415-5724', '7 Chive Pass', 'China', 'u6l2s0', 'dbertelmot3p@wiley.com');
insert into Persons (MedicareCardNumber, FirstName, LastName, MedicareExpiryDate, Province, DateOfBirth, TelephoneNumber, Address, Citizenship, PostalCode, EmailAddress) values ('xipk73224314', 'Chico', 'Blackadder', '2024-07-12', 'Alberta', '2021-04-25', '970-875-8759', '388 Fordem Hill', 'China', 'f8h2a8', 'cblackadder3q@cafepress.com');
insert into Persons (MedicareCardNumber, FirstName, LastName, MedicareExpiryDate, Province, DateOfBirth, TelephoneNumber, Address, Citizenship, PostalCode, EmailAddress) values ('xwhw10574070', 'Berkly', 'Heustace', '2024-08-14', 'Quebec', '2022-10-26', '233-538-8318', '915 Sauthoff Hill', 'Indonesia', 'i6n3p4', 'bheustace3r@opensource.org');
insert into Persons (MedicareCardNumber, FirstName, LastName, MedicareExpiryDate, Province, DateOfBirth, TelephoneNumber, Address, Citizenship, PostalCode, EmailAddress) values ('nagj19124493', 'Daveta', 'Dran', '2024-07-02', 'Ontario', '2022-05-31', '674-423-6464', '2424 Eastwood Crossing', 'Brazil', 'z9e4s5', 'ddran3s@who.int');
insert into Persons (MedicareCardNumber, FirstName, LastName, MedicareExpiryDate, Province, DateOfBirth, TelephoneNumber, Address, Citizenship, PostalCode, EmailAddress) values ('dwsa97105984', 'Bald', 'Beric', '2025-07-11', 'Manitoba', '2022-11-11', '921-994-1203', '08766 Union Road', 'Indonesia', 'n5i2v9', 'bberic3t@google.de');
insert into Persons (MedicareCardNumber, FirstName, LastName, MedicareExpiryDate, Province, DateOfBirth, TelephoneNumber, Address, Citizenship, PostalCode, EmailAddress) values ('uqpd60956826', 'Maxim', 'Lerohan', '2025-06-14', 'British Columbia', '2021-08-05', '839-889-4169', '398 Maryland Trail', 'Portugal', 'h8f0c5', 'mlerohan3u@mapquest.com');
insert into Persons (MedicareCardNumber, FirstName, LastName, MedicareExpiryDate, Province, DateOfBirth, TelephoneNumber, Address, Citizenship, PostalCode, EmailAddress) values ('eamf89358570', 'Frederica', 'Longworthy', '2025-06-08', 'Alberta', '2023-03-18', '513-686-8614', '550 Iowa Center', 'Indonesia', 'p9p6o9', 'flongworthy3v@ezinearticles.com');
insert into Persons (MedicareCardNumber, FirstName, LastName, MedicareExpiryDate, Province, DateOfBirth, TelephoneNumber, Address, Citizenship, PostalCode, EmailAddress) values ('peyc31892762', 'Jeddy', 'Lathleiffure', '2023-08-02', 'Quebec', '2022-05-13', '274-832-4230', '83 Knutson Way', 'Philippines', 'l2v2t4', 'jlathleiffure3w@indiegogo.com');
insert into Persons (MedicareCardNumber, FirstName, LastName, MedicareExpiryDate, Province, DateOfBirth, TelephoneNumber, Address, Citizenship, PostalCode, EmailAddress) values ('aoph31238243', 'Anstice', 'Stadding', '2024-09-12', 'Ontario', '2022-03-30', '465-438-5845', '70899 Schiller Terrace', 'Tajikistan', 't4h7o1', 'astadding3x@weebly.com');
insert into Persons (MedicareCardNumber, FirstName, LastName, MedicareExpiryDate, Province, DateOfBirth, TelephoneNumber, Address, Citizenship, PostalCode, EmailAddress) values ('bojg65817666', 'Halette', 'McComiskey', '2025-05-12', 'Manitoba', '2023-05-05', '757-944-6011', '6 Dryden Lane', 'Burkina Faso', 'f7k1k7', 'hmccomiskey3y@goodreads.com');
insert into Persons (MedicareCardNumber, FirstName, LastName, MedicareExpiryDate, Province, DateOfBirth, TelephoneNumber, Address, Citizenship, PostalCode, EmailAddress) values ('lalp36911244', 'Mary', 'Sherreard', '2023-12-07', 'British Columbia', '2022-02-24', '891-552-2301', '99633 Red Cloud Parkway', 'Russia', 'w9s1h0', 'msherreard3z@artisteer.com');
insert into Persons (MedicareCardNumber, FirstName, LastName, MedicareExpiryDate, Province, DateOfBirth, TelephoneNumber, Address, Citizenship, PostalCode, EmailAddress) values ('ppfb61361214', 'Phyllys', 'Ramsier', '2024-07-12', 'Alberta', '2022-06-29', '355-283-5435', '61 Rigney Circle', 'New Zealand', 't1i6g0', 'pramsier40@qq.com');
insert into Persons (MedicareCardNumber, FirstName, LastName, MedicareExpiryDate, Province, DateOfBirth, TelephoneNumber, Address, Citizenship, PostalCode, EmailAddress) values ('kzqk30368358', 'Scott', 'Garter', '2023-10-05', 'Quebec', '2021-02-01', '910-305-8168', '9 Novick Hill', 'China', 'm8o8d9', 'sgarter41@scientificamerican.com');
insert into Persons (MedicareCardNumber, FirstName, LastName, MedicareExpiryDate, Province, DateOfBirth, TelephoneNumber, Address, Citizenship, PostalCode, EmailAddress) values ('qgju63730046', 'Cathi', 'Realph', '2023-07-14', 'Ontario', '2021-02-17', '172-351-8636', '0859 Lighthouse Bay Terrace', 'Peru', 'p7l0r7', 'crealph42@independent.co.uk');
insert into Persons (MedicareCardNumber, FirstName, LastName, MedicareExpiryDate, Province, DateOfBirth, TelephoneNumber, Address, Citizenship, PostalCode, EmailAddress) values ('cuwj03025855', 'Leena', 'Boldison', '2023-06-18', 'Manitoba', '2021-03-03', '172-649-2271', '80514 Service Trail', 'Philippines', 'u9k5h4', 'lboldison43@shop-pro.jp');
insert into Persons (MedicareCardNumber, FirstName, LastName, MedicareExpiryDate, Province, DateOfBirth, TelephoneNumber, Address, Citizenship, PostalCode, EmailAddress) values ('qwsm93413499', 'Astra', 'Scotney', '2024-10-08', 'British Columbia', '2023-07-20', '542-949-3096', '4827 Orin Street', 'Philippines', 'v0q0j0', 'ascotney44@drupal.org');
insert into Persons (MedicareCardNumber, FirstName, LastName, MedicareExpiryDate, Province, DateOfBirth, TelephoneNumber, Address, Citizenship, PostalCode, EmailAddress) values ('fidk33462805', 'Lonee', 'Franceschielli', '2023-12-12', 'Alberta', '2022-09-06', '152-399-5269', '9 Loftsgordon Trail', 'China', 'h9s2t7', 'lfranceschielli45@fda.gov');
insert into Persons (MedicareCardNumber, FirstName, LastName, MedicareExpiryDate, Province, DateOfBirth, TelephoneNumber, Address, Citizenship, PostalCode, EmailAddress) values ('jmkp95106526', 'Maryellen', 'Portingale', '2023-04-27', 'Quebec', '2023-04-05', '267-256-5678', '2776 Petterle Park', 'Palestinian Territory', 'm7t6v5', 'mportingale46@google.com.hk');
insert into Persons (MedicareCardNumber, FirstName, LastName, MedicareExpiryDate, Province, DateOfBirth, TelephoneNumber, Address, Citizenship, PostalCode, EmailAddress) values ('obxz22814037', 'Langston', 'Tall', '2025-06-19', 'Ontario', '2022-01-21', '394-566-3183', '54 Manley Junction', 'Kyrgyzstan', 'r1h7d9', 'ltall47@fastcompany.com');
insert into Persons (MedicareCardNumber, FirstName, LastName, MedicareExpiryDate, Province, DateOfBirth, TelephoneNumber, Address, Citizenship, PostalCode, EmailAddress) values ('qjlj46731680', 'Nolly', 'Robbey', '2025-05-26', 'Manitoba', '2022-01-06', '756-827-8983', '46372 Old Shore Drive', 'Norway', 'k7n7q3', 'nrobbey48@imdb.com');
insert into Persons (MedicareCardNumber, FirstName, LastName, MedicareExpiryDate, Province, DateOfBirth, TelephoneNumber, Address, Citizenship, PostalCode, EmailAddress) values ('xsja34866827', 'Anthea', 'Gentil', '2023-11-08', 'British Columbia', '2022-05-05', '558-646-1801', '747 Magdeline Court', 'Greece', 'q0m8x2', 'agentil49@mashable.com');
insert into Persons (MedicareCardNumber, FirstName, LastName, MedicareExpiryDate, Province, DateOfBirth, TelephoneNumber, Address, Citizenship, PostalCode, EmailAddress) values ('rdcl20382957', 'Free', 'Keveren', '2025-01-31', 'Alberta', '2022-02-20', '628-191-6305', '8 Lighthouse Bay Alley', 'Indonesia', 's7z7s9', 'fkeveren4a@aol.com');
insert into Persons (MedicareCardNumber, FirstName, LastName, MedicareExpiryDate, Province, DateOfBirth, TelephoneNumber, Address, Citizenship, PostalCode, EmailAddress) values ('bxpy53909250', 'Penn', 'Bownass', '2023-02-11', 'Quebec', '2023-03-28', '669-199-2321', '5598 Bunker Hill Road', 'Portugal', 'e4u5u1', 'pbownass4b@twitpic.com');
insert into Persons (MedicareCardNumber, FirstName, LastName, MedicareExpiryDate, Province, DateOfBirth, TelephoneNumber, Address, Citizenship, PostalCode, EmailAddress) values ('ymck84327200', 'Lindon', 'Baggallay', '2024-02-05', 'Ontario', '2022-12-19', '289-895-5061', '65 Prairieview Circle', 'Tanzania', 'e9s6z6', 'lbaggallay4c@msu.edu');
insert into Persons (MedicareCardNumber, FirstName, LastName, MedicareExpiryDate, Province, DateOfBirth, TelephoneNumber, Address, Citizenship, PostalCode, EmailAddress) values ('mebe95205703', 'Serena', 'Kubasek', '2025-07-26', 'Manitoba', '2021-10-23', '571-198-2649', '80757 Donald Avenue', 'Peru', 'i6r1n8', 'skubasek4d@house.gov');
insert into Persons (MedicareCardNumber, FirstName, LastName, MedicareExpiryDate, Province, DateOfBirth, TelephoneNumber, Address, Citizenship, PostalCode, EmailAddress) values ('oead75177039', 'Winna', 'Godding', '2023-05-05', 'British Columbia', '2022-11-21', '537-574-2864', '20 Fair Oaks Avenue', 'Philippines', 'f7a8f9', 'wgodding4e@dailymail.co.uk');
insert into Persons (MedicareCardNumber, FirstName, LastName, MedicareExpiryDate, Province, DateOfBirth, TelephoneNumber, Address, Citizenship, PostalCode, EmailAddress) values ('hajw65685865', 'Loralee', 'Janosevic', '2025-05-23', 'Alberta', '2023-03-23', '836-551-4693', '555 Mcbride Terrace', 'Indonesia', 'j5w6j0', 'ljanosevic4f@list-manage.com');
insert into Persons (MedicareCardNumber, FirstName, LastName, MedicareExpiryDate, Province, DateOfBirth, TelephoneNumber, Address, Citizenship, PostalCode, EmailAddress) values ('ozxy26620997', 'Towny', 'Willishire', '2022-12-08', 'Quebec', '2021-04-20', '653-111-0200', '89 Nelson Parkway', 'Indonesia', 'e4z0b2', 'twillishire4g@noaa.gov');
insert into Persons (MedicareCardNumber, FirstName, LastName, MedicareExpiryDate, Province, DateOfBirth, TelephoneNumber, Address, Citizenship, PostalCode, EmailAddress) values ('oyqu07894002', 'Rocky', 'Powner', '2024-05-03', 'Ontario', '2021-08-14', '378-429-0241', '1377 Northridge Point', 'China', 'i4v4o3', 'rpowner4h@ehow.com');
insert into Persons (MedicareCardNumber, FirstName, LastName, MedicareExpiryDate, Province, DateOfBirth, TelephoneNumber, Address, Citizenship, PostalCode, EmailAddress) values ('ivww15311375', 'Emiline', 'Geroldo', '2024-11-19', 'Manitoba', '2021-10-11', '879-293-0073', '2 Waywood Court', 'China', 'y5j2p4', 'egeroldo4i@newsvine.com');
insert into Persons (MedicareCardNumber, FirstName, LastName, MedicareExpiryDate, Province, DateOfBirth, TelephoneNumber, Address, Citizenship, PostalCode, EmailAddress) values ('dlhb58032811', 'Marion', 'Piaggia', '2025-01-30', 'British Columbia', '2022-02-02', '253-904-9672', '33771 Arkansas Plaza', 'Poland', 'l2z3w1', 'mpiaggia4j@timesonline.co.uk');
insert into Persons (MedicareCardNumber, FirstName, LastName, MedicareExpiryDate, Province, DateOfBirth, TelephoneNumber, Address, Citizenship, PostalCode, EmailAddress) values ('nmbx05797213', 'Blake', 'Johl', '2025-07-06', 'Alberta', '2022-01-10', '189-932-1504', '26 Stephen Trail', 'Russia', 'l7v3o8', 'bjohl4k@google.com.br');
insert into Persons (MedicareCardNumber, FirstName, LastName, MedicareExpiryDate, Province, DateOfBirth, TelephoneNumber, Address, Citizenship, PostalCode, EmailAddress) values ('iljb68415742', 'Angy', 'Edensor', '2025-07-29', 'Quebec', '2022-03-13', '918-388-0078', '09593 Northfield Terrace', 'China', 'r7d6p9', 'aedensor4l@diigo.com');
insert into Persons (MedicareCardNumber, FirstName, LastName, MedicareExpiryDate, Province, DateOfBirth, TelephoneNumber, Address, Citizenship, PostalCode, EmailAddress) values ('pagj95457876', 'Cecilia', 'Wynett', '2024-01-21', 'Ontario', '2022-11-14', '442-259-9409', '2154 Autumn Leaf Drive', 'France', 'f4m2s1', 'cwynett4m@unicef.org');
insert into Persons (MedicareCardNumber, FirstName, LastName, MedicareExpiryDate, Province, DateOfBirth, TelephoneNumber, Address, Citizenship, PostalCode, EmailAddress) values ('vhat25610353', 'Sybil', 'Mackilpatrick', '2024-11-05', 'Manitoba', '2021-03-11', '605-442-9179', '66 Shopko Way', 'China', 'g4o2h8', 'smackilpatrick4n@sogou.com');
insert into Persons (MedicareCardNumber, FirstName, LastName, MedicareExpiryDate, Province, DateOfBirth, TelephoneNumber, Address, Citizenship, PostalCode, EmailAddress) values ('aqbr11559378', 'Karole', 'Dykas', '2024-01-01', 'British Columbia', '2022-03-16', '214-215-3412', '249 Kings Point', 'Serbia', 'a4j4s9', 'kdykas4o@sciencedaily.com');
insert into Persons (MedicareCardNumber, FirstName, LastName, MedicareExpiryDate, Province, DateOfBirth, TelephoneNumber, Address, Citizenship, PostalCode, EmailAddress) values ('awlc32708147', 'Berkley', 'Stefi', '2022-12-21', 'Alberta', '2023-02-10', '545-205-5868', '90311 Nevada Drive', 'Kenya', 'x5h1s2', 'bstefi4p@flavors.me');
insert into Persons (MedicareCardNumber, FirstName, LastName, MedicareExpiryDate, Province, DateOfBirth, TelephoneNumber, Address, Citizenship, PostalCode, EmailAddress) values ('afqa37881868', 'Thorsten', 'Jodkowski', '2025-07-20', 'Quebec', '2023-04-17', '755-608-4697', '38226 Sauthoff Center', 'China', 's7h0s6', 'tjodkowski4q@unesco.org');
insert into Persons (MedicareCardNumber, FirstName, LastName, MedicareExpiryDate, Province, DateOfBirth, TelephoneNumber, Address, Citizenship, PostalCode, EmailAddress) values ('itkq76372143', 'Hy', 'Ninnotti', '2024-06-19', 'Ontario', '2021-04-24', '548-210-7626', '6319 Roth Drive', 'Philippines', 't9m6i9', 'hninnotti4r@godaddy.com');
insert into Persons (MedicareCardNumber, FirstName, LastName, MedicareExpiryDate, Province, DateOfBirth, TelephoneNumber, Address, Citizenship, PostalCode, EmailAddress) values ('xhtc50744068', 'Sampson', 'McHan', '2024-04-18', 'Manitoba', '2021-05-01', '875-385-8918', '8655 Lukken Plaza', 'Russia', 'x8w1i5', 'smchan4s@telegraph.co.uk');
insert into Persons (MedicareCardNumber, FirstName, LastName, MedicareExpiryDate, Province, DateOfBirth, TelephoneNumber, Address, Citizenship, PostalCode, EmailAddress) values ('isyw26997126', 'Daile', 'Carey', '2025-06-26', 'British Columbia', '2021-02-04', '110-770-7905', '01 Mccormick Hill', 'Poland', 'y0g6t3', 'dcarey4t@sciencedirect.com');
insert into Persons (MedicareCardNumber, FirstName, LastName, MedicareExpiryDate, Province, DateOfBirth, TelephoneNumber, Address, Citizenship, PostalCode, EmailAddress) values ('tzvx03827206', 'Noll', 'Bisacre', '2023-12-18', 'Alberta', '2023-03-29', '431-294-2051', '0 Chive Place', 'Argentina', 'c3b4l0', 'nbisacre4u@miibeian.gov.cn');
insert into Persons (MedicareCardNumber, FirstName, LastName, MedicareExpiryDate, Province, DateOfBirth, TelephoneNumber, Address, Citizenship, PostalCode, EmailAddress) values ('aext10989722', 'Rand', 'Kinchlea', '2023-04-06', 'Quebec', '2021-08-18', '451-471-2780', '38 Fremont Parkway', 'Colombia', 'a2r0c6', 'rkinchlea4v@list-manage.com');
insert into Persons (MedicareCardNumber, FirstName, LastName, MedicareExpiryDate, Province, DateOfBirth, TelephoneNumber, Address, Citizenship, PostalCode, EmailAddress) values ('lcyd89458272', 'Ingemar', 'Scoggan', '2024-10-24', 'Ontario', '2022-03-02', '491-140-4923', '96956 Talisman Terrace', 'Norway', 'i1i1s6', 'iscoggan4w@ibm.com');
insert into Persons (MedicareCardNumber, FirstName, LastName, MedicareExpiryDate, Province, DateOfBirth, TelephoneNumber, Address, Citizenship, PostalCode, EmailAddress) values ('bzyt45710755', 'Tonie', 'Sellack', '2024-03-12', 'Manitoba', '2021-08-09', '747-829-0377', '037 Logan Court', 'France', 'w9d2s7', 'tsellack4x@dailymotion.com');
insert into Persons (MedicareCardNumber, FirstName, LastName, MedicareExpiryDate, Province, DateOfBirth, TelephoneNumber, Address, Citizenship, PostalCode, EmailAddress) values ('bwki36088579', 'Waverly', 'Boote', '2024-04-30', 'British Columbia', '2022-02-27', '964-670-3275', '9709 Leroy Way', 'Indonesia', 'i2n1q3', 'wboote4y@yale.edu');
insert into Persons (MedicareCardNumber, FirstName, LastName, MedicareExpiryDate, Province, DateOfBirth, TelephoneNumber, Address, Citizenship, PostalCode, EmailAddress) values ('vtrb17948090', 'Krysta', 'Hegertie', '2025-06-14', 'Alberta', '2023-07-11', '537-198-9711', '92 Shopko Crossing', 'Egypt', 'h4t6n2', 'kohegertie4z@guardian.co.uk');
insert into Persons (MedicareCardNumber, FirstName, LastName, MedicareExpiryDate, Province, DateOfBirth, TelephoneNumber, Address, Citizenship, PostalCode, EmailAddress) values ('uwtu86990276', 'Hayden', 'Waszczykowski', '2024-11-23', 'Quebec', '2021-11-28', '471-619-6903', '5802 Roxbury Plaza', 'Martinique', 's1d5q4', 'hwaszczykowski50@weibo.com');
insert into Persons (MedicareCardNumber, FirstName, LastName, MedicareExpiryDate, Province, DateOfBirth, TelephoneNumber, Address, Citizenship, PostalCode, EmailAddress) values ('iqxb81417596', 'Dina', 'Wildish', '2023-06-08', 'Ontario', '2022-09-03', '317-101-4528', '33 Blue Bill Park Road', 'China', 'b0j3x8', 'dwildish51@reuters.com');
insert into Persons (MedicareCardNumber, FirstName, LastName, MedicareExpiryDate, Province, DateOfBirth, TelephoneNumber, Address, Citizenship, PostalCode, EmailAddress) values ('zuem98716439', 'Trev', 'Rickersey', '2024-10-14', 'Manitoba', '2021-09-04', '317-447-8769', '76219 Washington Pass', 'Ukraine', 'a8u3v9', 'trickersey52@squidoo.com');
insert into Persons (MedicareCardNumber, FirstName, LastName, MedicareExpiryDate, Province, DateOfBirth, TelephoneNumber, Address, Citizenship, PostalCode, EmailAddress) values ('ujuy69477332', 'Town', 'Neylon', '2024-04-06', 'British Columbia', '2022-09-08', '601-640-5174', '3238 Acker Street', 'Nepal', 'a6d6b1', 'tneylon53@goo.gl');
insert into Persons (MedicareCardNumber, FirstName, LastName, MedicareExpiryDate, Province, DateOfBirth, TelephoneNumber, Address, Citizenship, PostalCode, EmailAddress) values ('qgqv90824413', 'Loria', 'Elvins', '2024-03-01', 'Alberta', '2022-08-10', '159-745-6207', '7 Pond Terrace', 'Nigeria', 'n0d8u5', 'lelvins54@salon.com');
insert into Persons (MedicareCardNumber, FirstName, LastName, MedicareExpiryDate, Province, DateOfBirth, TelephoneNumber, Address, Citizenship, PostalCode, EmailAddress) values ('ysbb77857336', 'Marilee', 'Vaughan', '2024-11-26', 'Quebec', '2021-06-30', '720-465-0412', '81508 Michigan Alley', 'Indonesia', 'a7h6j9', 'mvaughan55@yellowpages.com');
insert into Persons (MedicareCardNumber, FirstName, LastName, MedicareExpiryDate, Province, DateOfBirth, TelephoneNumber, Address, Citizenship, PostalCode, EmailAddress) values ('aorc22624858', 'Jerrome', 'Lindell', '2022-11-28', 'Ontario', '2022-04-18', '805-423-6227', '379 Bowman Court', 'China', 'n1f7s5', 'jlindell56@washingtonpost.com');
insert into Persons (MedicareCardNumber, FirstName, LastName, MedicareExpiryDate, Province, DateOfBirth, TelephoneNumber, Address, Citizenship, PostalCode, EmailAddress) values ('nhxf64204943', 'Arri', 'Outibridge', '2023-03-18', 'Manitoba', '2021-10-19', '407-884-6631', '1 Delaware Pass', 'Russia', 'c3g7q1', 'aoutibridge57@kickstarter.com');
insert into Persons (MedicareCardNumber, FirstName, LastName, MedicareExpiryDate, Province, DateOfBirth, TelephoneNumber, Address, Citizenship, PostalCode, EmailAddress) values ('cmhu48223732', 'Kimball', 'Cuer', '2025-08-21', 'British Columbia', '2022-02-17', '472-960-4140', '240 Twin Pines Parkway', 'Peru', 'n0i8b2', 'kcuer58@csmonitor.com');
insert into Persons (MedicareCardNumber, FirstName, LastName, MedicareExpiryDate, Province, DateOfBirth, TelephoneNumber, Address, Citizenship, PostalCode, EmailAddress) values ('xxfl80652295', 'Staford', 'Tomaino', '2025-08-14', 'Alberta', '2023-02-15', '456-905-5067', '4 Norway Maple Junction', 'Poland', 'v6k2z3', 'stomaino59@sogou.com');
insert into Persons (MedicareCardNumber, FirstName, LastName, MedicareExpiryDate, Province, DateOfBirth, TelephoneNumber, Address, Citizenship, PostalCode, EmailAddress) values ('dydp83048637', 'Davon', 'Writtle', '2024-09-18', 'Quebec', '2023-05-29', '828-670-1177', '539 Anthes Point', 'Mexico', 'p3z8i9', 'dwrittle5a@omniture.com');
insert into Persons (MedicareCardNumber, FirstName, LastName, MedicareExpiryDate, Province, DateOfBirth, TelephoneNumber, Address, Citizenship, PostalCode, EmailAddress) values ('fhep45637197', 'Nefen', 'Belsham', '2025-01-05', 'Ontario', '2021-02-11', '505-141-4688', '283 Northview Street', 'Sweden', 'j6f9n8', 'nbelsham5b@blogger.com');
insert into Persons (MedicareCardNumber, FirstName, LastName, MedicareExpiryDate, Province, DateOfBirth, TelephoneNumber, Address, Citizenship, PostalCode, EmailAddress) values ('moce67582114', 'Arvie', 'Jessep', '2024-12-21', 'Manitoba', '2022-11-24', '518-296-3923', '13495 Quincy Pass', 'United States', 'i8q7n6', 'ajessep5c@marriott.com');
insert into Persons (MedicareCardNumber, FirstName, LastName, MedicareExpiryDate, Province, DateOfBirth, TelephoneNumber, Address, Citizenship, PostalCode, EmailAddress) values ('ojae88755527', 'Broddie', 'Crevan', '2023-08-17', 'British Columbia', '2021-11-18', '702-107-7535', '25 Linden Drive', 'China', 'v2g4c7', 'bocrevan5d@hao123.com');
insert into Persons (MedicareCardNumber, FirstName, LastName, MedicareExpiryDate, Province, DateOfBirth, TelephoneNumber, Address, Citizenship, PostalCode, EmailAddress) values ('ofsn90148550', 'Leslie', 'Corbally', '2023-07-03', 'Alberta', '2023-02-25', '859-192-3881', '3 Veith Circle', 'Croatia', 'y2q2n1', 'lcorbally5e@prweb.com');
insert into Persons (MedicareCardNumber, FirstName, LastName, MedicareExpiryDate, Province, DateOfBirth, TelephoneNumber, Address, Citizenship, PostalCode, EmailAddress) values ('svxs77120554', 'Ortensia', 'Wallicker', '2023-05-31', 'Quebec', '2021-07-27', '180-263-7069', '77416 Eastlawn Drive', 'Brazil', 'k9m5x5', 'owallicker5f@time.com');
insert into Persons (MedicareCardNumber, FirstName, LastName, MedicareExpiryDate, Province, DateOfBirth, TelephoneNumber, Address, Citizenship, PostalCode, EmailAddress) values ('zgri52852211', 'Rosmunda', 'Carp', '2024-05-30', 'Ontario', '2023-04-12', '778-251-4568', '4397 Dexter Park', 'China', 'h2l8z2', 'rcarp5g@nationalgeographic.com');
insert into Persons (MedicareCardNumber, FirstName, LastName, MedicareExpiryDate, Province, DateOfBirth, TelephoneNumber, Address, Citizenship, PostalCode, EmailAddress) values ('otsg81695488', 'Hestia', 'Ormerod', '2025-09-03', 'Manitoba', '2022-03-18', '431-843-3061', '7 Amoth Road', 'Vietnam', 'j5d1y7', 'hormerod5h@spotify.com');
insert into Persons (MedicareCardNumber, FirstName, LastName, MedicareExpiryDate, Province, DateOfBirth, TelephoneNumber, Address, Citizenship, PostalCode, EmailAddress) values ('zbri44071225', 'Niven', 'Leitch', '2022-11-05', 'British Columbia', '2022-03-18', '755-677-1004', '6 Nancy Terrace', 'China', 'n3u2i4', 'nleitch5i@admin.ch');
insert into Persons (MedicareCardNumber, FirstName, LastName, MedicareExpiryDate, Province, DateOfBirth, TelephoneNumber, Address, Citizenship, PostalCode, EmailAddress) values ('ihdp30946666', 'Harland', 'Doughton', '2023-01-27', 'Alberta', '2022-01-31', '235-774-5860', '0 Golden Leaf Center', 'Croatia', 'e3d2n9', 'hdoughton5j@guardian.co.uk');


-- Students

insert into Students (MedicareCardNumber, CurrentLevel) values ('inbi07848043', 'elementary 3');
insert into Students (MedicareCardNumber, CurrentLevel) values ('xldj37998130', 'secondary 4');
insert into Students (MedicareCardNumber, CurrentLevel) values ('alji19160144', 'secondary 4');
insert into Students (MedicareCardNumber, CurrentLevel) values ('ntdn93645414', 'secondary 3');
insert into Students (MedicareCardNumber, CurrentLevel) values ('arfk63854853', 'secondary 2');
insert into Students (MedicareCardNumber, CurrentLevel) values ('eewd09862766', 'secondary 4');
insert into Students (MedicareCardNumber, CurrentLevel) values ('fmnr38462528', 'elementary 1');
insert into Students (MedicareCardNumber, CurrentLevel) values ('rttt98363344', 'elementary 4');
insert into Students (MedicareCardNumber, CurrentLevel) values ('cbav56372713', 'secondary 1');
insert into Students (MedicareCardNumber, CurrentLevel) values ('ukfl91653042', 'elementary 4');
insert into Students (MedicareCardNumber, CurrentLevel) values ('zhsb72120820', 'secondary 4');
insert into Students (MedicareCardNumber, CurrentLevel) values ('vswl85620639', 'elementary 2');
insert into Students (MedicareCardNumber, CurrentLevel) values ('oinw51730594', 'elementary 1');
insert into Students (MedicareCardNumber, CurrentLevel) values ('wmxb79359123', 'secondary 4');
insert into Students (MedicareCardNumber, CurrentLevel) values ('sixb22790076', 'elementary 2');
insert into Students (MedicareCardNumber, CurrentLevel) values ('ekkh51355135', 'elementary 1');
insert into Students (MedicareCardNumber, CurrentLevel) values ('hvbb04937488', 'elementary 3');
insert into Students (MedicareCardNumber, CurrentLevel) values ('ycfa62422408', 'elementary 1');
insert into Students (MedicareCardNumber, CurrentLevel) values ('rxyt38729160', 'elementary 4');
insert into Students (MedicareCardNumber, CurrentLevel) values ('sfnj98064680', 'elementary 3');
insert into Students (MedicareCardNumber, CurrentLevel) values ('okpb78117732', 'secondary 3');
insert into Students (MedicareCardNumber, CurrentLevel) values ('fztq13635177', 'elementary 3');
insert into Students (MedicareCardNumber, CurrentLevel) values ('wdni35889625', 'elementary 3');
insert into Students (MedicareCardNumber, CurrentLevel) values ('ashe33486445', 'elementary 1');
insert into Students (MedicareCardNumber, CurrentLevel) values ('ruqr16089855', 'secondary 5');
insert into Students (MedicareCardNumber, CurrentLevel) values ('gplk09316668', 'elementary 5');
insert into Students (MedicareCardNumber, CurrentLevel) values ('hloq08348050', 'elementary 2');
insert into Students (MedicareCardNumber, CurrentLevel) values ('uewd97679062', 'secondary 4');
insert into Students (MedicareCardNumber, CurrentLevel) values ('gbzz14554741', 'elementary 2');
insert into Students (MedicareCardNumber, CurrentLevel) values ('czaf10943713', 'secondary 4');
insert into Students (MedicareCardNumber, CurrentLevel) values ('hodn32872143', 'secondary 3');
insert into Students (MedicareCardNumber, CurrentLevel) values ('kkeb25715635', 'secondary 5');
insert into Students (MedicareCardNumber, CurrentLevel) values ('jdom93566120', 'secondary 1');
insert into Students (MedicareCardNumber, CurrentLevel) values ('klve18540781', 'secondary 2');
insert into Students (MedicareCardNumber, CurrentLevel) values ('xipk73224314', 'secondary 2');
insert into Students (MedicareCardNumber, CurrentLevel) values ('xwhw10574070', 'secondary 1');
insert into Students (MedicareCardNumber, CurrentLevel) values ('nagj19124493', 'secondary 4');
insert into Students (MedicareCardNumber, CurrentLevel) values ('dwsa97105984', 'secondary 1');
insert into Students (MedicareCardNumber, CurrentLevel) values ('uqpd60956826', 'elementary 5');
insert into Students (MedicareCardNumber, CurrentLevel) values ('eamf89358570', 'secondary 2');
insert into Students (MedicareCardNumber, CurrentLevel) values ('peyc31892762', 'elementary 3');
insert into Students (MedicareCardNumber, CurrentLevel) values ('aoph31238243', 'secondary 5');
insert into Students (MedicareCardNumber, CurrentLevel) values ('bojg65817666', 'elementary 2');
insert into Students (MedicareCardNumber, CurrentLevel) values ('lalp36911244', 'secondary 1');
insert into Students (MedicareCardNumber, CurrentLevel) values ('ppfb61361214', 'secondary 3');
insert into Students (MedicareCardNumber, CurrentLevel) values ('kzqk30368358', 'elementary 2');
insert into Students (MedicareCardNumber, CurrentLevel) values ('qgju63730046', 'secondary 3');
insert into Students (MedicareCardNumber, CurrentLevel) values ('cuwj03025855', 'secondary 2');
insert into Students (MedicareCardNumber, CurrentLevel) values ('qwsm93413499', 'secondary 4');
insert into Students (MedicareCardNumber, CurrentLevel) values ('fidk33462805', 'secondary 2');
insert into Students (MedicareCardNumber, CurrentLevel) values ('jmkp95106526', 'elementary 5');
insert into Students (MedicareCardNumber, CurrentLevel) values ('obxz22814037', 'secondary 4');
insert into Students (MedicareCardNumber, CurrentLevel) values ('qjlj46731680', 'elementary 1');
insert into Students (MedicareCardNumber, CurrentLevel) values ('xsja34866827', 'secondary 2');
insert into Students (MedicareCardNumber, CurrentLevel) values ('rdcl20382957', 'secondary 2');
insert into Students (MedicareCardNumber, CurrentLevel) values ('bxpy53909250', 'elementary 3');
insert into Students (MedicareCardNumber, CurrentLevel) values ('ymck84327200', 'secondary 3');
insert into Students (MedicareCardNumber, CurrentLevel) values ('mebe95205703', 'elementary 4');
insert into Students (MedicareCardNumber, CurrentLevel) values ('oead75177039', 'elementary 1');
insert into Students (MedicareCardNumber, CurrentLevel) values ('hajw65685865', 'secondary 4');
insert into Students (MedicareCardNumber, CurrentLevel) values ('ozxy26620997', 'elementary 1');
insert into Students (MedicareCardNumber, CurrentLevel) values ('oyqu07894002', 'elementary 4');
insert into Students (MedicareCardNumber, CurrentLevel) values ('ivww15311375', 'secondary 3');
insert into Students (MedicareCardNumber, CurrentLevel) values ('dlhb58032811', 'elementary 1');
insert into Students (MedicareCardNumber, CurrentLevel) values ('nmbx05797213', 'secondary 3');
insert into Students (MedicareCardNumber, CurrentLevel) values ('iljb68415742', 'secondary 5');
insert into Students (MedicareCardNumber, CurrentLevel) values ('pagj95457876', 'secondary 3');
insert into Students (MedicareCardNumber, CurrentLevel) values ('vhat25610353', 'secondary 5');
insert into Students (MedicareCardNumber, CurrentLevel) values ('aqbr11559378', 'secondary 5');
insert into Students (MedicareCardNumber, CurrentLevel) values ('awlc32708147', 'secondary 3');
insert into Students (MedicareCardNumber, CurrentLevel) values ('afqa37881868', 'elementary 5');
insert into Students (MedicareCardNumber, CurrentLevel) values ('itkq76372143', 'secondary 1');
insert into Students (MedicareCardNumber, CurrentLevel) values ('xhtc50744068', 'secondary 4');
insert into Students (MedicareCardNumber, CurrentLevel) values ('isyw26997126', 'secondary 5');
insert into Students (MedicareCardNumber, CurrentLevel) values ('tzvx03827206', 'elementary 3');
insert into Students (MedicareCardNumber, CurrentLevel) values ('aext10989722', 'secondary 1');
insert into Students (MedicareCardNumber, CurrentLevel) values ('lcyd89458272', 'elementary 5');
insert into Students (MedicareCardNumber, CurrentLevel) values ('bzyt45710755', 'secondary 2');
insert into Students (MedicareCardNumber, CurrentLevel) values ('bwki36088579', 'elementary 1');
insert into Students (MedicareCardNumber, CurrentLevel) values ('vtrb17948090', 'secondary 1');
insert into Students (MedicareCardNumber, CurrentLevel) values ('uwtu86990276', 'secondary 3');
insert into Students (MedicareCardNumber, CurrentLevel) values ('iqxb81417596', 'elementary 3');
insert into Students (MedicareCardNumber, CurrentLevel) values ('zuem98716439', 'secondary 4');
insert into Students (MedicareCardNumber, CurrentLevel) values ('ujuy69477332', 'elementary 4');
insert into Students (MedicareCardNumber, CurrentLevel) values ('qgqv90824413', 'secondary 5');
insert into Students (MedicareCardNumber, CurrentLevel) values ('ysbb77857336', 'elementary 4');
insert into Students (MedicareCardNumber, CurrentLevel) values ('aorc22624858', 'elementary 5');
insert into Students (MedicareCardNumber, CurrentLevel) values ('nhxf64204943', 'elementary 4');
insert into Students (MedicareCardNumber, CurrentLevel) values ('cmhu48223732', 'secondary 2');
insert into Students (MedicareCardNumber, CurrentLevel) values ('xxfl80652295', 'secondary 3');
insert into Students (MedicareCardNumber, CurrentLevel) values ('dydp83048637', 'secondary 3');
insert into Students (MedicareCardNumber, CurrentLevel) values ('fhep45637197', 'elementary 3');
insert into Students (MedicareCardNumber, CurrentLevel) values ('moce67582114', 'elementary 4');
insert into Students (MedicareCardNumber, CurrentLevel) values ('ojae88755527', 'secondary 1');
insert into Students (MedicareCardNumber, CurrentLevel) values ('ofsn90148550', 'secondary 3');
insert into Students (MedicareCardNumber, CurrentLevel) values ('svxs77120554', 'elementary 2');
insert into Students (MedicareCardNumber, CurrentLevel) values ('zgri52852211', 'elementary 4');
insert into Students (MedicareCardNumber, CurrentLevel) values ('otsg81695488', 'secondary 3');
insert into Students (MedicareCardNumber, CurrentLevel) values ('zbri44071225', 'secondary 1');
insert into Students (MedicareCardNumber, CurrentLevel) values ('ihdp30946666', 'elementary 1');


-- Employees

insert into Employees (MedicareCardNumber) values ('chnb68073157');
insert into Employees (MedicareCardNumber) values ('ddrh96552495');
insert into Employees (MedicareCardNumber) values ('sonr94506633');
insert into Employees (MedicareCardNumber) values ('socq52922660');
insert into Employees (MedicareCardNumber) values ('tscn83047436');
insert into Employees (MedicareCardNumber) values ('pzih79804641');
insert into Employees (MedicareCardNumber) values ('udzr21294375');
insert into Employees (MedicareCardNumber) values ('cwmx16384442');
insert into Employees (MedicareCardNumber) values ('zeqg99658583');
insert into Employees (MedicareCardNumber) values ('atks99812156');
insert into Employees (MedicareCardNumber) values ('qclf54693559');
insert into Employees (MedicareCardNumber) values ('tjpb75240802');
insert into Employees (MedicareCardNumber) values ('mufn13946729');
insert into Employees (MedicareCardNumber) values ('jcqj36587505');
insert into Employees (MedicareCardNumber) values ('eldl00129280');
insert into Employees (MedicareCardNumber) values ('mlus32550800');
insert into Employees (MedicareCardNumber) values ('qsep60324290');
insert into Employees (MedicareCardNumber) values ('eiax15101277');
insert into Employees (MedicareCardNumber) values ('fmft30539826');
insert into Employees (MedicareCardNumber) values ('zdek42000873');
insert into Employees (MedicareCardNumber) values ('bzbk46547836');
insert into Employees (MedicareCardNumber) values ('nyxu85611817');
insert into Employees (MedicareCardNumber) values ('pczm46837052');
insert into Employees (MedicareCardNumber) values ('enny56422592');
insert into Employees (MedicareCardNumber) values ('ywsc02075548');
insert into Employees (MedicareCardNumber) values ('dpzw63877238');
insert into Employees (MedicareCardNumber) values ('fdlo28652111');
insert into Employees (MedicareCardNumber) values ('megp37616198');
insert into Employees (MedicareCardNumber) values ('owae00457175');
insert into Employees (MedicareCardNumber) values ('vyzn02541021');
insert into Employees (MedicareCardNumber) values ('vldh66815198');
insert into Employees (MedicareCardNumber) values ('cqro21400322');
insert into Employees (MedicareCardNumber) values ('bkly08244132');
insert into Employees (MedicareCardNumber) values ('bprq62852530');
insert into Employees (MedicareCardNumber) values ('lhsu88256858');
insert into Employees (MedicareCardNumber) values ('uqyb64093330');
insert into Employees (MedicareCardNumber) values ('gpve73328248');
insert into Employees (MedicareCardNumber) values ('psnr24406771');
insert into Employees (MedicareCardNumber) values ('ekmg52328361');
insert into Employees (MedicareCardNumber) values ('nixe31972681');
insert into Employees (MedicareCardNumber) values ('kbpu30268596');
insert into Employees (MedicareCardNumber) values ('gcpd29713356');
insert into Employees (MedicareCardNumber) values ('ygos53720461');
insert into Employees (MedicareCardNumber) values ('hfse43060169');
insert into Employees (MedicareCardNumber) values ('imab26398970');
insert into Employees (MedicareCardNumber) values ('jhfa32130886');
insert into Employees (MedicareCardNumber) values ('xuca53771633');
insert into Employees (MedicareCardNumber) values ('ralg02129113');
insert into Employees (MedicareCardNumber) values ('yrfp18569080');
insert into Employees (MedicareCardNumber) values ('wruy16143565');
insert into Employees (MedicareCardNumber) values ('bvmf04864173');
insert into Employees (MedicareCardNumber) values ('capc26072389');
insert into Employees (MedicareCardNumber) values ('eelc32041277');
insert into Employees (MedicareCardNumber) values ('qfuh36449429');
insert into Employees (MedicareCardNumber) values ('egek80853382');
insert into Employees (MedicareCardNumber) values ('vhrd09594403');
insert into Employees (MedicareCardNumber) values ('lxht00591052');
insert into Employees (MedicareCardNumber) values ('mqul29848145');
insert into Employees (MedicareCardNumber) values ('hkos08195390');
insert into Employees (MedicareCardNumber) values ('gizc27512732');
insert into Employees (MedicareCardNumber) values ('emge34254207');
insert into Employees (MedicareCardNumber) values ('tcnf16204183');
insert into Employees (MedicareCardNumber) values ('hjye68751628');
insert into Employees (MedicareCardNumber) values ('jhkf86218417');
insert into Employees (MedicareCardNumber) values ('xhxy87004970');
insert into Employees (MedicareCardNumber) values ('rwjh24116649');
insert into Employees (MedicareCardNumber) values ('qusm42314138');
insert into Employees (MedicareCardNumber) values ('jjfq23871528');
insert into Employees (MedicareCardNumber) values ('psbf68888047');
insert into Employees (MedicareCardNumber) values ('lryt26472999');
insert into Employees (MedicareCardNumber) values ('pylw96019050');
insert into Employees (MedicareCardNumber) values ('fmvc80218553');
insert into Employees (MedicareCardNumber) values ('wtpf09744672');
insert into Employees (MedicareCardNumber) values ('swdq22036839');
insert into Employees (MedicareCardNumber) values ('ptym02499681');
insert into Employees (MedicareCardNumber) values ('zazb04625227');
insert into Employees (MedicareCardNumber) values ('gnvw66226509');
insert into Employees (MedicareCardNumber) values ('qwyp40848888');
insert into Employees (MedicareCardNumber) values ('mmbj21491450');
insert into Employees (MedicareCardNumber) values ('dxkf79246024');
insert into Employees (MedicareCardNumber) values ('cjmv60245894');
insert into Employees (MedicareCardNumber) values ('fflo43130116');
insert into Employees (MedicareCardNumber) values ('neno54514142');
insert into Employees (MedicareCardNumber) values ('lgey27382514');
insert into Employees (MedicareCardNumber) values ('rioe89352575');
insert into Employees (MedicareCardNumber) values ('vwry25573289');
insert into Employees (MedicareCardNumber) values ('gdfm09523270');
insert into Employees (MedicareCardNumber) values ('tysa65788909');
insert into Employees (MedicareCardNumber) values ('pcbi82346648');
insert into Employees (MedicareCardNumber) values ('ofxh62384749');
insert into Employees (MedicareCardNumber) values ('sxga74866857');
insert into Employees (MedicareCardNumber) values ('xrug14464864');
insert into Employees (MedicareCardNumber) values ('nxrv84271244');
insert into Employees (MedicareCardNumber) values ('ypwn67880138');
insert into Employees (MedicareCardNumber) values ('rutm38908574');
insert into Employees (MedicareCardNumber) values ('txbh03887025');
insert into Employees (MedicareCardNumber) values ('jevl40904934');
insert into Employees (MedicareCardNumber) values ('wgcf20915276');
insert into Employees (MedicareCardNumber) values ('oiga45430748');
insert into Employees (MedicareCardNumber) values ('jnei34873512');


-- Teachers

insert into Teachers (MedicareCardNumber, Level, Specialisation) values ('bvmf04864173', 'elementary 1', 'math');
insert into Teachers (MedicareCardNumber, Level, Specialisation) values ('capc26072389', 'elementary 2', 'french');
insert into Teachers (MedicareCardNumber, Level, Specialisation) values ('eelc32041277', 'elementary 3', 'physics');
insert into Teachers (MedicareCardNumber, Level, Specialisation) values ('qfuh36449429', 'elementary 4', 'chemistry');
insert into Teachers (MedicareCardNumber, Level, Specialisation) values ('egek80853382', 'elementary 5', 'biology');
insert into Teachers (MedicareCardNumber, Level, Specialisation) values ('vhrd09594403', 'secondary 1', 'history');
insert into Teachers (MedicareCardNumber, Level, Specialisation) values ('lxht00591052', 'secondary 2', 'geography');
insert into Teachers (MedicareCardNumber, Level, Specialisation) values ('mqul29848145', 'secondary 3', 'english');
insert into Teachers (MedicareCardNumber, Level, Specialisation) values ('hkos08195390', 'secondary 4', 'art');
insert into Teachers (MedicareCardNumber, Level, Specialisation) values ('gizc27512732', 'secondary 5', 'music');
insert into Teachers (MedicareCardNumber, Level, Specialisation) values ('emge34254207', 'elementary 1', 'math');
insert into Teachers (MedicareCardNumber, Level, Specialisation) values ('tcnf16204183', 'elementary 2', 'french');
insert into Teachers (MedicareCardNumber, Level, Specialisation) values ('hjye68751628', 'elementary 3', 'physics');
insert into Teachers (MedicareCardNumber, Level, Specialisation) values ('jhkf86218417', 'elementary 4', 'chemistry');
insert into Teachers (MedicareCardNumber, Level, Specialisation) values ('xhxy87004970', 'elementary 5', 'biology');
insert into Teachers (MedicareCardNumber, Level, Specialisation) values ('rwjh24116649', 'secondary 1', 'history');
insert into Teachers (MedicareCardNumber, Level, Specialisation) values ('qusm42314138', 'secondary 2', 'geography');
insert into Teachers (MedicareCardNumber, Level, Specialisation) values ('jjfq23871528', 'secondary 3', 'english');
insert into Teachers (MedicareCardNumber, Level, Specialisation) values ('psbf68888047', 'secondary 4', 'art');
insert into Teachers (MedicareCardNumber, Level, Specialisation) values ('lryt26472999', 'secondary 5', 'music');
insert into Teachers (MedicareCardNumber, Level, Specialisation) values ('pylw96019050', 'elementary 1', 'math');
insert into Teachers (MedicareCardNumber, Level, Specialisation) values ('fmvc80218553', 'elementary 2', 'french');
insert into Teachers (MedicareCardNumber, Level, Specialisation) values ('wtpf09744672', 'elementary 3', 'physics');
insert into Teachers (MedicareCardNumber, Level, Specialisation) values ('swdq22036839', 'elementary 4', 'chemistry');
insert into Teachers (MedicareCardNumber, Level, Specialisation) values ('ptym02499681', 'elementary 5', 'biology');
insert into Teachers (MedicareCardNumber, Level, Specialisation) values ('zazb04625227', 'secondary 1', 'history');
insert into Teachers (MedicareCardNumber, Level, Specialisation) values ('gnvw66226509', 'secondary 2', 'geography');
insert into Teachers (MedicareCardNumber, Level, Specialisation) values ('qwyp40848888', 'secondary 3', 'english');
insert into Teachers (MedicareCardNumber, Level, Specialisation) values ('mmbj21491450', 'secondary 4', 'art');
insert into Teachers (MedicareCardNumber, Level, Specialisation) values ('dxkf79246024', 'secondary 5', 'music');
insert into Teachers (MedicareCardNumber, Level, Specialisation) values ('cjmv60245894', 'elementary 1', 'math');
insert into Teachers (MedicareCardNumber, Level, Specialisation) values ('fflo43130116', 'elementary 2', 'french');
insert into Teachers (MedicareCardNumber, Level, Specialisation) values ('neno54514142', 'elementary 3', 'physics');
insert into Teachers (MedicareCardNumber, Level, Specialisation) values ('lgey27382514', 'elementary 4', 'chemistry');
insert into Teachers (MedicareCardNumber, Level, Specialisation) values ('rioe89352575', 'elementary 5', 'biology');
insert into Teachers (MedicareCardNumber, Level, Specialisation) values ('vwry25573289', 'secondary 1', 'history');
insert into Teachers (MedicareCardNumber, Level, Specialisation) values ('gdfm09523270', 'secondary 2', 'geography');
insert into Teachers (MedicareCardNumber, Level, Specialisation) values ('tysa65788909', 'secondary 3', 'english');
insert into Teachers (MedicareCardNumber, Level, Specialisation) values ('pcbi82346648', 'secondary 4', 'art');
insert into Teachers (MedicareCardNumber, Level, Specialisation) values ('ofxh62384749', 'secondary 5', 'music');
insert into Teachers (MedicareCardNumber, Level, Specialisation) values ('sxga74866857', 'elementary 1', 'math');
insert into Teachers (MedicareCardNumber, Level, Specialisation) values ('xrug14464864', 'elementary 2', 'french');
insert into Teachers (MedicareCardNumber, Level, Specialisation) values ('nxrv84271244', 'elementary 3', 'physics');
insert into Teachers (MedicareCardNumber, Level, Specialisation) values ('ypwn67880138', 'elementary 4', 'chemistry');
insert into Teachers (MedicareCardNumber, Level, Specialisation) values ('rutm38908574', 'elementary 5', 'biology');
insert into Teachers (MedicareCardNumber, Level, Specialisation) values ('txbh03887025', 'secondary 1', 'history');
insert into Teachers (MedicareCardNumber, Level, Specialisation) values ('jevl40904934', 'secondary 2', 'geography');
insert into Teachers (MedicareCardNumber, Level, Specialisation) values ('wgcf20915276', 'secondary 3', 'english');
insert into Teachers (MedicareCardNumber, Level, Specialisation) values ('oiga45430748', 'secondary 4', 'art');
insert into Teachers (MedicareCardNumber, Level, Specialisation) values ('jnei34873512', 'secondary 5', 'music');


-- Educational Facilities

insert into EducationalFacilities (FacilityID, PrincipalMedicareNumber) values (1, 'mufn13946729');
insert into EducationalFacilities (FacilityID, PrincipalMedicareNumber) values (2, 'qfuh36449429');
insert into EducationalFacilities (FacilityID, PrincipalMedicareNumber) values (3, 'ekmg52328361');
insert into EducationalFacilities (FacilityID, PrincipalMedicareNumber) values (4, 'mlus32550800');
insert into EducationalFacilities (FacilityID, PrincipalMedicareNumber) values (5, 'capc26072389');
insert into EducationalFacilities (FacilityID, PrincipalMedicareNumber) values (6, 'ralg02129113');
insert into EducationalFacilities (FacilityID, PrincipalMedicareNumber) values (7, 'fdlo28652111');
insert into EducationalFacilities (FacilityID, PrincipalMedicareNumber) values (8, 'nixe31972681');
insert into EducationalFacilities (FacilityID, PrincipalMedicareNumber) values (9, 'txbh03887025');
insert into EducationalFacilities (FacilityID, PrincipalMedicareNumber) values (10, 'bprq62852530');

insert into PrimarySchools (FacilityID) values (1);
insert into PrimarySchools (FacilityID) values (2);
insert into PrimarySchools (FacilityID) values (3);
insert into PrimarySchools (FacilityID) values (4);
insert into PrimarySchools (FacilityID) values (5);
insert into PrimarySchools (FacilityID) values (6);
insert into PrimarySchools (FacilityID) values (7);
insert into PrimarySchools (FacilityID) values (8);
insert into PrimarySchools (FacilityID) values (9);
insert into PrimarySchools (FacilityID) values (10);

insert into MiddleSchools (FacilityID) values (1);
insert into MiddleSchools (FacilityID) values (2);
insert into MiddleSchools (FacilityID) values (3);
insert into MiddleSchools (FacilityID) values (4);
insert into MiddleSchools (FacilityID) values (5);
insert into MiddleSchools (FacilityID) values (6);
insert into MiddleSchools (FacilityID) values (7);
insert into MiddleSchools (FacilityID) values (8);
insert into MiddleSchools (FacilityID) values (9);
insert into MiddleSchools (FacilityID) values (10);

insert into HighSchools (FacilityID) values (1);
insert into HighSchools (FacilityID) values (2);
insert into HighSchools (FacilityID) values (3);
insert into HighSchools (FacilityID) values (4);
insert into HighSchools (FacilityID) values (5);
insert into HighSchools (FacilityID) values (6);
insert into HighSchools (FacilityID) values (7);
insert into HighSchools (FacilityID) values (8);
insert into HighSchools (FacilityID) values (9);
insert into HighSchools (FacilityID) values (10);


-- Management Facilities

insert into ManagementFacilities (FacilityID, PresidentMedicareNumber) values (11, 'chnb68073157');
insert into ManagementFacilities (FacilityID, PresidentMedicareNumber) values (12, 'nixe31972681');
insert into ManagementFacilities (FacilityID, PresidentMedicareNumber) values (13, 'vhrd09594403');
insert into ManagementFacilities (FacilityID, PresidentMedicareNumber) values (14, 'nyxu85611817');
insert into ManagementFacilities (FacilityID, PresidentMedicareNumber) values (15, 'fmvc80218553');
insert into ManagementFacilities (FacilityID, PresidentMedicareNumber) values (16, 'lgey27382514');
insert into ManagementFacilities (FacilityID, PresidentMedicareNumber) values (17, 'tysa65788909');
insert into ManagementFacilities (FacilityID, PresidentMedicareNumber) values (18, 'fdlo28652111');
insert into ManagementFacilities (FacilityID, PresidentMedicareNumber) values (19, 'swdq22036839');
insert into ManagementFacilities (FacilityID, PresidentMedicareNumber) values (20, 'yrfp18569080');
insert into ManagementFacilities (FacilityID, PresidentMedicareNumber) values (21, 'qwyp40848888');
insert into ManagementFacilities (FacilityID, PresidentMedicareNumber) values (22, 'lgey27382514');
insert into ManagementFacilities (FacilityID, PresidentMedicareNumber) values (23, 'psnr24406771');
insert into ManagementFacilities (FacilityID, PresidentMedicareNumber) values (24, 'vhrd09594403');
insert into ManagementFacilities (FacilityID, PresidentMedicareNumber) values (25, 'bprq62852530');
insert into ManagementFacilities (FacilityID, PresidentMedicareNumber) values (26, 'chnb68073157');
insert into ManagementFacilities (FacilityID, PresidentMedicareNumber) values (27, 'cqro21400322');
insert into ManagementFacilities (FacilityID, PresidentMedicareNumber) values (28, 'lhsu88256858');
insert into ManagementFacilities (FacilityID, PresidentMedicareNumber) values (29, 'ypwn67880138');
insert into ManagementFacilities (FacilityID, PresidentMedicareNumber) values (30, 'ddrh96552495');

insert into HeadOfficeFacilities (FacilityID) values (11);
insert into HeadOfficeFacilities (FacilityID) values (12);
insert into HeadOfficeFacilities (FacilityID) values (13);
insert into HeadOfficeFacilities (FacilityID) values (14);
insert into HeadOfficeFacilities (FacilityID) values (15);
insert into HeadOfficeFacilities (FacilityID) values (16);
insert into HeadOfficeFacilities (FacilityID) values (17);
insert into HeadOfficeFacilities (FacilityID) values (18);
insert into HeadOfficeFacilities (FacilityID) values (19);
insert into HeadOfficeFacilities (FacilityID) values (20);

insert into GeneralManagementFacilities (FacilityID) values (21);
insert into GeneralManagementFacilities (FacilityID) values (22);
insert into GeneralManagementFacilities (FacilityID) values (23);
insert into GeneralManagementFacilities (FacilityID) values (24);
insert into GeneralManagementFacilities (FacilityID) values (25);
insert into GeneralManagementFacilities (FacilityID) values (26);
insert into GeneralManagementFacilities (FacilityID) values (27);
insert into GeneralManagementFacilities (FacilityID) values (28);
insert into GeneralManagementFacilities (FacilityID) values (29);
insert into GeneralManagementFacilities (FacilityID) values (30);


-- Registed At

insert into Registered_at (MedicareCardNumber, FacilityID, StartDate, EndDate) values ('inbi07848043', 7, '2022-10-27', '2023-03-09');
insert into Registered_at (MedicareCardNumber, FacilityID, StartDate, EndDate) values ('xldj37998130', 9, '2021-11-09', '2023-05-31');
insert into Registered_at (MedicareCardNumber, FacilityID, StartDate, EndDate) values ('alji19160144', 6, '2022-06-17', '2023-07-01');
insert into Registered_at (MedicareCardNumber, FacilityID, StartDate, EndDate) values ('ntdn93645414', 2, '2021-11-09', '2023-03-05');
insert into Registered_at (MedicareCardNumber, FacilityID, StartDate, EndDate) values ('arfk63854853', 7, '2023-03-28', '2022-11-29');
insert into Registered_at (MedicareCardNumber, FacilityID, StartDate, EndDate) values ('eewd09862766', 7, '2022-05-25', null);
insert into Registered_at (MedicareCardNumber, FacilityID, StartDate, EndDate) values ('fmnr38462528', 7, '2023-02-02', null);
insert into Registered_at (MedicareCardNumber, FacilityID, StartDate, EndDate) values ('rttt98363344', 2, '2023-04-21', null);
insert into Registered_at (MedicareCardNumber, FacilityID, StartDate, EndDate) values ('cbav56372713', 2, '2023-04-24', null);
insert into Registered_at (MedicareCardNumber, FacilityID, StartDate, EndDate) values ('ukfl91653042', 4, '2022-06-03', null);
insert into Registered_at (MedicareCardNumber, FacilityID, StartDate, EndDate) values ('zhsb72120820', 7, '2022-11-20', '2022-10-27');
insert into Registered_at (MedicareCardNumber, FacilityID, StartDate, EndDate) values ('vswl85620639', 7, '2022-11-29', '2023-06-18');
insert into Registered_at (MedicareCardNumber, FacilityID, StartDate, EndDate) values ('oinw51730594', 4, '2022-07-01', null);
insert into Registered_at (MedicareCardNumber, FacilityID, StartDate, EndDate) values ('wmxb79359123', 8, '2023-03-25', null);
insert into Registered_at (MedicareCardNumber, FacilityID, StartDate, EndDate) values ('sixb22790076', 5, '2023-04-01', null);
insert into Registered_at (MedicareCardNumber, FacilityID, StartDate, EndDate) values ('ekkh51355135', 1, '2022-11-28', '2023-04-18');
insert into Registered_at (MedicareCardNumber, FacilityID, StartDate, EndDate) values ('hvbb04937488', 4, '2023-04-30', '2023-06-21');
insert into Registered_at (MedicareCardNumber, FacilityID, StartDate, EndDate) values ('ycfa62422408', 1, '2022-03-31', null);
insert into Registered_at (MedicareCardNumber, FacilityID, StartDate, EndDate) values ('rxyt38729160', 4, '2021-08-13', null);
insert into Registered_at (MedicareCardNumber, FacilityID, StartDate, EndDate) values ('sfnj98064680', 7, '2023-05-15', null);
insert into Registered_at (MedicareCardNumber, FacilityID, StartDate, EndDate) values ('okpb78117732', 7, '2022-02-18', null);
insert into Registered_at (MedicareCardNumber, FacilityID, StartDate, EndDate) values ('fztq13635177', 4, '2023-05-10', '2023-04-14');
insert into Registered_at (MedicareCardNumber, FacilityID, StartDate, EndDate) values ('wdni35889625', 8, '2022-11-05', '2023-06-20');
insert into Registered_at (MedicareCardNumber, FacilityID, StartDate, EndDate) values ('ashe33486445', 7, '2022-03-14', null);
insert into Registered_at (MedicareCardNumber, FacilityID, StartDate, EndDate) values ('ruqr16089855', 7, '2022-08-17', null);
insert into Registered_at (MedicareCardNumber, FacilityID, StartDate, EndDate) values ('gplk09316668', 7, '2021-09-26', null);
insert into Registered_at (MedicareCardNumber, FacilityID, StartDate, EndDate) values ('hloq08348050', 9, '2022-12-17', null);
insert into Registered_at (MedicareCardNumber, FacilityID, StartDate, EndDate) values ('uewd97679062', 9, '2022-08-13', null);
insert into Registered_at (MedicareCardNumber, FacilityID, StartDate, EndDate) values ('gbzz14554741', 4, '2023-05-11', '2023-04-03');
insert into Registered_at (MedicareCardNumber, FacilityID, StartDate, EndDate) values ('czaf10943713', 5, '2022-12-17', null);
insert into Registered_at (MedicareCardNumber, FacilityID, StartDate, EndDate) values ('hodn32872143', 7, '2023-02-15', null);
insert into Registered_at (MedicareCardNumber, FacilityID, StartDate, EndDate) values ('kkeb25715635', 8, '2022-01-29', null);
insert into Registered_at (MedicareCardNumber, FacilityID, StartDate, EndDate) values ('jdom93566120', 7, '2022-10-11', '2022-11-21');
insert into Registered_at (MedicareCardNumber, FacilityID, StartDate, EndDate) values ('klve18540781', 10, '2022-02-19', null);
insert into Registered_at (MedicareCardNumber, FacilityID, StartDate, EndDate) values ('xipk73224314', 6, '2022-11-25', '2023-04-01');
insert into Registered_at (MedicareCardNumber, FacilityID, StartDate, EndDate) values ('xwhw10574070', 8, '2022-10-02', '2023-01-17');
insert into Registered_at (MedicareCardNumber, FacilityID, StartDate, EndDate) values ('nagj19124493', 7, '2023-05-24', null);
insert into Registered_at (MedicareCardNumber, FacilityID, StartDate, EndDate) values ('dwsa97105984', 4, '2021-08-27', null);
insert into Registered_at (MedicareCardNumber, FacilityID, StartDate, EndDate) values ('uqpd60956826', 3, '2022-12-15', '2023-05-11');
insert into Registered_at (MedicareCardNumber, FacilityID, StartDate, EndDate) values ('eamf89358570', 2, '2022-04-22', null);
insert into Registered_at (MedicareCardNumber, FacilityID, StartDate, EndDate) values ('peyc31892762', 8, '2023-01-27', null);
insert into Registered_at (MedicareCardNumber, FacilityID, StartDate, EndDate) values ('aoph31238243', 7, '2023-04-19', null);
insert into Registered_at (MedicareCardNumber, FacilityID, StartDate, EndDate) values ('bojg65817666', 9, '2022-07-25', null);
insert into Registered_at (MedicareCardNumber, FacilityID, StartDate, EndDate) values ('lalp36911244', 8, '2021-09-20', null);
insert into Registered_at (MedicareCardNumber, FacilityID, StartDate, EndDate) values ('ppfb61361214', 4, '2022-02-16', '2022-07-22');
insert into Registered_at (MedicareCardNumber, FacilityID, StartDate, EndDate) values ('kzqk30368358', 9, '2023-06-29', null);
insert into Registered_at (MedicareCardNumber, FacilityID, StartDate, EndDate) values ('qgju63730046', 9, '2022-02-08', null);
insert into Registered_at (MedicareCardNumber, FacilityID, StartDate, EndDate) values ('cuwj03025855', 10, '2022-08-14', null);
insert into Registered_at (MedicareCardNumber, FacilityID, StartDate, EndDate) values ('qwsm93413499', 1, '2021-12-26', '2023-04-14');
insert into Registered_at (MedicareCardNumber, FacilityID, StartDate, EndDate) values ('fidk33462805', 6, '2022-12-10', null);
insert into Registered_at (MedicareCardNumber, FacilityID, StartDate, EndDate) values ('jmkp95106526', 9, '2021-09-25', '2023-02-04');
insert into Registered_at (MedicareCardNumber, FacilityID, StartDate, EndDate) values ('obxz22814037', 8, '2021-08-04', null);
insert into Registered_at (MedicareCardNumber, FacilityID, StartDate, EndDate) values ('qjlj46731680', 9, '2023-03-17', '2023-07-04');
insert into Registered_at (MedicareCardNumber, FacilityID, StartDate, EndDate) values ('xsja34866827', 9, '2022-08-10', '2023-05-31');
insert into Registered_at (MedicareCardNumber, FacilityID, StartDate, EndDate) values ('rdcl20382957', 1, '2022-06-20', '2023-01-22');
insert into Registered_at (MedicareCardNumber, FacilityID, StartDate, EndDate) values ('bxpy53909250', 2, '2021-12-15', null);
insert into Registered_at (MedicareCardNumber, FacilityID, StartDate, EndDate) values ('ymck84327200', 6, '2021-11-04', null);
insert into Registered_at (MedicareCardNumber, FacilityID, StartDate, EndDate) values ('mebe95205703', 7, '2021-11-17', null);
insert into Registered_at (MedicareCardNumber, FacilityID, StartDate, EndDate) values ('oead75177039', 10, '2023-01-12', '2023-02-28');
insert into Registered_at (MedicareCardNumber, FacilityID, StartDate, EndDate) values ('hajw65685865', 4, '2022-01-23', null);
insert into Registered_at (MedicareCardNumber, FacilityID, StartDate, EndDate) values ('ozxy26620997', 5, '2022-01-24', '2023-01-14');
insert into Registered_at (MedicareCardNumber, FacilityID, StartDate, EndDate) values ('oyqu07894002', 5, '2022-09-17', null);
insert into Registered_at (MedicareCardNumber, FacilityID, StartDate, EndDate) values ('ivww15311375', 4, '2021-10-10', null);
insert into Registered_at (MedicareCardNumber, FacilityID, StartDate, EndDate) values ('dlhb58032811', 3, '2021-12-17', null);
insert into Registered_at (MedicareCardNumber, FacilityID, StartDate, EndDate) values ('nmbx05797213', 8, '2022-07-25', null);
insert into Registered_at (MedicareCardNumber, FacilityID, StartDate, EndDate) values ('iljb68415742', 2, '2022-05-04', '2023-02-03');
insert into Registered_at (MedicareCardNumber, FacilityID, StartDate, EndDate) values ('pagj95457876', 4, '2022-09-24', '2022-09-14');
insert into Registered_at (MedicareCardNumber, FacilityID, StartDate, EndDate) values ('vhat25610353', 4, '2023-01-12', null);
insert into Registered_at (MedicareCardNumber, FacilityID, StartDate, EndDate) values ('aqbr11559378', 9, '2022-11-16', null);
insert into Registered_at (MedicareCardNumber, FacilityID, StartDate, EndDate) values ('awlc32708147', 8, '2022-06-27', null);
insert into Registered_at (MedicareCardNumber, FacilityID, StartDate, EndDate) values ('afqa37881868', 2, '2023-04-08', '2022-12-29');
insert into Registered_at (MedicareCardNumber, FacilityID, StartDate, EndDate) values ('itkq76372143', 5, '2021-12-06', null);
insert into Registered_at (MedicareCardNumber, FacilityID, StartDate, EndDate) values ('xhtc50744068', 2, '2023-06-03', '2023-03-16');
insert into Registered_at (MedicareCardNumber, FacilityID, StartDate, EndDate) values ('isyw26997126', 5, '2021-11-21', '2022-12-03');
insert into Registered_at (MedicareCardNumber, FacilityID, StartDate, EndDate) values ('tzvx03827206', 2, '2023-03-05', null);
insert into Registered_at (MedicareCardNumber, FacilityID, StartDate, EndDate) values ('aext10989722', 9, '2023-04-15', '2023-07-08');
insert into Registered_at (MedicareCardNumber, FacilityID, StartDate, EndDate) values ('lcyd89458272', 7, '2022-11-15', null);
insert into Registered_at (MedicareCardNumber, FacilityID, StartDate, EndDate) values ('bzyt45710755', 5, '2021-09-16', null);
insert into Registered_at (MedicareCardNumber, FacilityID, StartDate, EndDate) values ('bwki36088579', 9, '2022-05-14', null);
insert into Registered_at (MedicareCardNumber, FacilityID, StartDate, EndDate) values ('vtrb17948090', 3, '2022-01-18', '2023-03-10');
insert into Registered_at (MedicareCardNumber, FacilityID, StartDate, EndDate) values ('uwtu86990276', 5, '2023-01-22', '2023-05-14');
insert into Registered_at (MedicareCardNumber, FacilityID, StartDate, EndDate) values ('iqxb81417596', 9, '2022-12-02', '2022-10-28');
insert into Registered_at (MedicareCardNumber, FacilityID, StartDate, EndDate) values ('zuem98716439', 10, '2022-07-02', '2023-06-25');
insert into Registered_at (MedicareCardNumber, FacilityID, StartDate, EndDate) values ('ujuy69477332', 1, '2022-10-02', '2023-02-16');
insert into Registered_at (MedicareCardNumber, FacilityID, StartDate, EndDate) values ('qgqv90824413', 7, '2021-12-05', null);
insert into Registered_at (MedicareCardNumber, FacilityID, StartDate, EndDate) values ('ysbb77857336', 9, '2022-06-30', null);
insert into Registered_at (MedicareCardNumber, FacilityID, StartDate, EndDate) values ('aorc22624858', 1, '2022-12-13', '2023-05-26');
insert into Registered_at (MedicareCardNumber, FacilityID, StartDate, EndDate) values ('nhxf64204943', 3, '2022-09-22', null);
insert into Registered_at (MedicareCardNumber, FacilityID, StartDate, EndDate) values ('cmhu48223732', 6, '2023-05-31', null);
insert into Registered_at (MedicareCardNumber, FacilityID, StartDate, EndDate) values ('xxfl80652295', 6, '2023-01-31', null);
insert into Registered_at (MedicareCardNumber, FacilityID, StartDate, EndDate) values ('dydp83048637', 7, '2022-12-17', null);
insert into Registered_at (MedicareCardNumber, FacilityID, StartDate, EndDate) values ('fhep45637197', 6, '2022-06-09', null);
insert into Registered_at (MedicareCardNumber, FacilityID, StartDate, EndDate) values ('moce67582114', 8, '2022-01-13', null);
insert into Registered_at (MedicareCardNumber, FacilityID, StartDate, EndDate) values ('ojae88755527', 7, '2023-07-12', null);
insert into Registered_at (MedicareCardNumber, FacilityID, StartDate, EndDate) values ('ofsn90148550', 6, '2022-09-15', null);
insert into Registered_at (MedicareCardNumber, FacilityID, StartDate, EndDate) values ('svxs77120554', 4, '2022-05-06', '2022-09-14');
insert into Registered_at (MedicareCardNumber, FacilityID, StartDate, EndDate) values ('zgri52852211', 6, '2022-07-05', null);
insert into Registered_at (MedicareCardNumber, FacilityID, StartDate, EndDate) values ('otsg81695488', 7, '2023-04-13', null);
insert into Registered_at (MedicareCardNumber, FacilityID, StartDate, EndDate) values ('zbri44071225', 7, '2021-10-30', null);
insert into Registered_at (MedicareCardNumber, FacilityID, StartDate, EndDate) values ('ihdp30946666', 9, '2021-11-23', '2023-06-27');


-- Works At

insert into Works_at (MedicareCardNumber, FacilityID, StartDate, EndDate, Role) values ('bvmf04864173', 4, '2020-08-26', null, 'school counselor');
insert into Works_at (MedicareCardNumber, FacilityID, StartDate, EndDate, Role) values ('capc26072389', 6, '2021-02-25', null, 'teacher');
insert into Works_at (MedicareCardNumber, FacilityID, StartDate, EndDate, Role) values ('eelc32041277', 8, '2021-09-19', null, 'teacher');
insert into Works_at (MedicareCardNumber, FacilityID, StartDate, EndDate, Role) values ('qfuh36449429', 2, '2020-11-20', '2022-02-08', 'school counselor');
insert into Works_at (MedicareCardNumber, FacilityID, StartDate, EndDate, Role) values ('egek80853382', 6, '2021-12-29', null, 'school counselor');
insert into Works_at (MedicareCardNumber, FacilityID, StartDate, EndDate, Role) values ('vhrd09594403', 6, '2021-03-20', null, 'teacher');
insert into Works_at (MedicareCardNumber, FacilityID, StartDate, EndDate, Role) values ('lxht00591052', 8, '2020-11-24', '2023-07-14', 'program director');
insert into Works_at (MedicareCardNumber, FacilityID, StartDate, EndDate, Role) values ('mqul29848145', 10, '2022-01-12', null, 'program director');
insert into Works_at (MedicareCardNumber, FacilityID, StartDate, EndDate, Role) values ('hkos08195390', 8, '2021-04-22', '2021-10-05', 'program director');
insert into Works_at (MedicareCardNumber, FacilityID, StartDate, EndDate, Role) values ('gizc27512732', 9, '2021-06-20', null, 'program director');
insert into Works_at (MedicareCardNumber, FacilityID, StartDate, EndDate, Role) values ('emge34254207', 8, '2023-06-30', null, 'program director');
insert into Works_at (MedicareCardNumber, FacilityID, StartDate, EndDate, Role) values ('tcnf16204183', 5, '2022-01-14', null, 'program director');
insert into Works_at (MedicareCardNumber, FacilityID, StartDate, EndDate, Role) values ('hjye68751628', 1, '2022-06-11', '2022-04-30', 'teacher');
insert into Works_at (MedicareCardNumber, FacilityID, StartDate, EndDate, Role) values ('jhkf86218417', 5, '2021-02-19', null, 'school counselor');
insert into Works_at (MedicareCardNumber, FacilityID, StartDate, EndDate, Role) values ('xhxy87004970', 8, '2022-01-16', null, 'school administrator');
insert into Works_at (MedicareCardNumber, FacilityID, StartDate, EndDate, Role) values ('rwjh24116649', 7, '2022-07-09', null, 'program director');
insert into Works_at (MedicareCardNumber, FacilityID, StartDate, EndDate, Role) values ('qusm42314138', 3, '2022-03-14', '2022-09-23', 'school administrator');
insert into Works_at (MedicareCardNumber, FacilityID, StartDate, EndDate, Role) values ('jjfq23871528', 2, '2023-01-30', null, 'program director');
insert into Works_at (MedicareCardNumber, FacilityID, StartDate, EndDate, Role) values ('psbf68888047', 7, '2022-05-23', null, 'school counselor');
insert into Works_at (MedicareCardNumber, FacilityID, StartDate, EndDate, Role) values ('lryt26472999', 8, '2022-03-23', null, 'teacher');
insert into Works_at (MedicareCardNumber, FacilityID, StartDate, EndDate, Role) values ('pylw96019050', 10, '2021-12-08', null, 'school counselor');
insert into Works_at (MedicareCardNumber, FacilityID, StartDate, EndDate, Role) values ('fmvc80218553', 8, '2021-10-08', null, 'school counselor');
insert into Works_at (MedicareCardNumber, FacilityID, StartDate, EndDate, Role) values ('wtpf09744672', 4, '2023-03-17', '2021-11-15', 'teacher');
insert into Works_at (MedicareCardNumber, FacilityID, StartDate, EndDate, Role) values ('swdq22036839', 6, '2021-03-13', null, 'school counselor');
insert into Works_at (MedicareCardNumber, FacilityID, StartDate, EndDate, Role) values ('ptym02499681', 8, '2021-12-22', null, 'program director');
insert into Works_at (MedicareCardNumber, FacilityID, StartDate, EndDate, Role) values ('zazb04625227', 8, '2021-08-05', '2022-03-08', 'school administrator');
insert into Works_at (MedicareCardNumber, FacilityID, StartDate, EndDate, Role) values ('gnvw66226509', 8, '2023-05-23', '2022-03-15', 'school counselor');
insert into Works_at (MedicareCardNumber, FacilityID, StartDate, EndDate, Role) values ('qwyp40848888', 2, '2021-04-15', null, 'school administrator');
insert into Works_at (MedicareCardNumber, FacilityID, StartDate, EndDate, Role) values ('mmbj21491450', 1, '2021-08-29', '2023-06-30', 'teacher');
insert into Works_at (MedicareCardNumber, FacilityID, StartDate, EndDate, Role) values ('dxkf79246024', 8, '2021-12-06', null, 'school administrator');
insert into Works_at (MedicareCardNumber, FacilityID, StartDate, EndDate, Role) values ('cjmv60245894', 8, '2021-08-27', null, 'school administrator');
insert into Works_at (MedicareCardNumber, FacilityID, StartDate, EndDate, Role) values ('fflo43130116', 9, '2022-12-30', null, 'teacher');
insert into Works_at (MedicareCardNumber, FacilityID, StartDate, EndDate, Role) values ('neno54514142', 8, '2021-10-13', null, 'program director');
insert into Works_at (MedicareCardNumber, FacilityID, StartDate, EndDate, Role) values ('lgey27382514', 8, '2022-07-25', '2022-11-01', 'school counselor');
insert into Works_at (MedicareCardNumber, FacilityID, StartDate, EndDate, Role) values ('rioe89352575', 9, '2022-09-02', null, 'program director');
insert into Works_at (MedicareCardNumber, FacilityID, StartDate, EndDate, Role) values ('vwry25573289', 10, '2022-09-10', null, 'program director');
insert into Works_at (MedicareCardNumber, FacilityID, StartDate, EndDate, Role) values ('gdfm09523270', 8, '2021-09-07', '2023-02-15', 'school counselor');
insert into Works_at (MedicareCardNumber, FacilityID, StartDate, EndDate, Role) values ('tysa65788909', 5, '2022-07-11', null, 'school administrator');
insert into Works_at (MedicareCardNumber, FacilityID, StartDate, EndDate, Role) values ('pcbi82346648', 2, '2022-07-30', '2022-04-14', 'school administrator');
insert into Works_at (MedicareCardNumber, FacilityID, StartDate, EndDate, Role) values ('ofxh62384749', 4, '2021-07-17', null, 'program director');
insert into Works_at (MedicareCardNumber, FacilityID, StartDate, EndDate, Role) values ('sxga74866857', 4, '2021-08-31', '2022-06-27', 'program director');
insert into Works_at (MedicareCardNumber, FacilityID, StartDate, EndDate, Role) values ('xrug14464864', 7, '2020-11-08', null, 'school counselor');
insert into Works_at (MedicareCardNumber, FacilityID, StartDate, EndDate, Role) values ('nxrv84271244', 4, '2022-01-25', '2021-11-20', 'teacher');
insert into Works_at (MedicareCardNumber, FacilityID, StartDate, EndDate, Role) values ('ypwn67880138', 2, '2021-05-26', null, 'teacher');
insert into Works_at (MedicareCardNumber, FacilityID, StartDate, EndDate, Role) values ('rutm38908574', 2, '2022-07-24', '2023-01-08', 'program director');
insert into Works_at (MedicareCardNumber, FacilityID, StartDate, EndDate, Role) values ('txbh03887025', 4, '2020-10-20', null, 'school administrator');
insert into Works_at (MedicareCardNumber, FacilityID, StartDate, EndDate, Role) values ('jevl40904934', 7, '2021-07-29', '2023-01-29', 'teacher');
insert into Works_at (MedicareCardNumber, FacilityID, StartDate, EndDate, Role) values ('wgcf20915276', 6, '2022-05-07', null, 'school administrator');
insert into Works_at (MedicareCardNumber, FacilityID, StartDate, EndDate, Role) values ('oiga45430748', 4, '2022-07-15', null, 'program director');
insert into Works_at (MedicareCardNumber, FacilityID, StartDate, EndDate, Role) values ('jnei34873512', 7, '2020-08-08', null, 'school administrator');
insert into Works_at (MedicareCardNumber, FacilityID, StartDate, EndDate, Role) values ('bvmf04864173', 1, '2020-01-01', null, 'librarian');
insert into Works_at (MedicareCardNumber, FacilityID, StartDate, EndDate, Role) values ('capc26072389', 2, '2020-01-01', null, 'technician');
insert into Works_at (MedicareCardNumber, FacilityID, StartDate, EndDate, Role) values ('eelc32041277', 3, '2020-01-01', null, 'secretary');
insert into Works_at (MedicareCardNumber, FacilityID, StartDate, EndDate, Role) values ('qfuh36449429', 4, '2020-01-01', null, 'administrator');
insert into Works_at (MedicareCardNumber, FacilityID, StartDate, EndDate, Role) values ('egek80853382', 5, '2020-01-01', null, 'janitor');
insert into Works_at (MedicareCardNumber, FacilityID, StartDate, EndDate, Role) values ('vhrd09594403', 6, '2020-01-01', null, 'janitor');
insert into Works_at (MedicareCardNumber, FacilityID, StartDate, EndDate, Role) values ('lxht00591052', 7, '2020-01-01', null, 'researcher');
insert into Works_at (MedicareCardNumber, FacilityID, StartDate, EndDate, Role) values ('mqul29848145', 8, '2020-01-01', null, 'janitor');
insert into Works_at (MedicareCardNumber, FacilityID, StartDate, EndDate, Role) values ('hkos08195390', 9, '2020-01-01', null, 'secretary');
insert into Works_at (MedicareCardNumber, FacilityID, StartDate, EndDate, Role) values ('gizc27512732', 10, '2020-01-01', null, 'janitor');
insert into Works_at (MedicareCardNumber, FacilityID, StartDate, EndDate, Role) values ('emge34254207', 11, '2020-01-01', null, 'administrator');
insert into Works_at (MedicareCardNumber, FacilityID, StartDate, EndDate, Role) values ('tcnf16204183', 12, '2020-01-01', null, 'administrator');
insert into Works_at (MedicareCardNumber, FacilityID, StartDate, EndDate, Role) values ('hjye68751628', 13, '2020-01-01', null, 'security guard');
insert into Works_at (MedicareCardNumber, FacilityID, StartDate, EndDate, Role) values ('jhkf86218417', 14, '2020-01-01', null, 'counselor');
insert into Works_at (MedicareCardNumber, FacilityID, StartDate, EndDate, Role) values ('xhxy87004970', 15, '2020-01-01', null, 'secretary');
insert into Works_at (MedicareCardNumber, FacilityID, StartDate, EndDate, Role) values ('rwjh24116649', 16, '2020-01-01', null, 'librarian');
insert into Works_at (MedicareCardNumber, FacilityID, StartDate, EndDate, Role) values ('qusm42314138', 17, '2020-01-01', null, 'janitor');
insert into Works_at (MedicareCardNumber, FacilityID, StartDate, EndDate, Role) values ('jjfq23871528', 18, '2020-01-01', null, 'technician');
insert into Works_at (MedicareCardNumber, FacilityID, StartDate, EndDate, Role) values ('psbf68888047', 19, '2020-01-01', null, 'security guard');
insert into Works_at (MedicareCardNumber, FacilityID, StartDate, EndDate, Role) values ('lryt26472999', 20, '2020-01-01', null, 'security guard');
insert into Works_at (MedicareCardNumber, FacilityID, StartDate, EndDate, Role) values ('pylw96019050', 21, '2020-01-01', null, 'security guard');
insert into Works_at (MedicareCardNumber, FacilityID, StartDate, EndDate, Role) values ('fmvc80218553', 22, '2020-01-01', null, 'librarian');
insert into Works_at (MedicareCardNumber, FacilityID, StartDate, EndDate, Role) values ('wtpf09744672', 23, '2020-01-01', null, 'secretary');
insert into Works_at (MedicareCardNumber, FacilityID, StartDate, EndDate, Role) values ('swdq22036839', 24, '2020-01-01', null, 'librarian');
insert into Works_at (MedicareCardNumber, FacilityID, StartDate, EndDate, Role) values ('ptym02499681', 25, '2020-01-01', null, 'librarian');
insert into Works_at (MedicareCardNumber, FacilityID, StartDate, EndDate, Role) values ('zazb04625227', 26, '2020-01-01', null, 'counselor');
insert into Works_at (MedicareCardNumber, FacilityID, StartDate, EndDate, Role) values ('gnvw66226509', 27, '2020-01-01', null, 'advisor');
insert into Works_at (MedicareCardNumber, FacilityID, StartDate, EndDate, Role) values ('qwyp40848888', 28, '2020-01-01', null, 'researcher');
insert into Works_at (MedicareCardNumber, FacilityID, StartDate, EndDate, Role) values ('mmbj21491450', 29, '2020-01-01', null, 'technician');
insert into Works_at (MedicareCardNumber, FacilityID, StartDate, EndDate, Role) values ('dxkf79246024', 30, '2020-01-01', null, 'counselor');
insert into Works_at (MedicareCardNumber, FacilityID, StartDate, EndDate, Role) values ('cjmv60245894', 1, '2020-01-01', null, 'secretary');
insert into Works_at (MedicareCardNumber, FacilityID, StartDate, EndDate, Role) values ('fflo43130116', 2, '2020-01-01', null, 'counselor');
insert into Works_at (MedicareCardNumber, FacilityID, StartDate, EndDate, Role) values ('neno54514142', 3, '2020-01-01', null, 'secretary');
insert into Works_at (MedicareCardNumber, FacilityID, StartDate, EndDate, Role) values ('lgey27382514', 4, '2020-01-01', null, 'counselor');
insert into Works_at (MedicareCardNumber, FacilityID, StartDate, EndDate, Role) values ('rioe89352575', 5, '2020-01-01', null, 'technician');
insert into Works_at (MedicareCardNumber, FacilityID, StartDate, EndDate, Role) values ('vwry25573289', 6, '2020-01-01', null, 'counselor');
insert into Works_at (MedicareCardNumber, FacilityID, StartDate, EndDate, Role) values ('gdfm09523270', 7, '2020-01-01', null, 'janitor');
insert into Works_at (MedicareCardNumber, FacilityID, StartDate, EndDate, Role) values ('tysa65788909', 8, '2020-01-01', null, 'secretary');
insert into Works_at (MedicareCardNumber, FacilityID, StartDate, EndDate, Role) values ('pcbi82346648', 9, '2020-01-01', null, 'secretary');
insert into Works_at (MedicareCardNumber, FacilityID, StartDate, EndDate, Role) values ('ofxh62384749', 10, '2020-01-01', null, 'technician');
insert into Works_at (MedicareCardNumber, FacilityID, StartDate, EndDate, Role) values ('sxga74866857', 11, '2020-01-01', null, 'librarian');
insert into Works_at (MedicareCardNumber, FacilityID, StartDate, EndDate, Role) values ('xrug14464864', 12, '2020-01-01', null, 'security guard');
insert into Works_at (MedicareCardNumber, FacilityID, StartDate, EndDate, Role) values ('nxrv84271244', 13, '2020-01-01', null, 'professor');
insert into Works_at (MedicareCardNumber, FacilityID, StartDate, EndDate, Role) values ('ypwn67880138', 14, '2020-01-01', null, 'administrator');
insert into Works_at (MedicareCardNumber, FacilityID, StartDate, EndDate, Role) values ('rutm38908574', 15, '2020-01-01', null, 'technician');
insert into Works_at (MedicareCardNumber, FacilityID, StartDate, EndDate, Role) values ('txbh03887025', 16, '2020-01-01', null, 'advisor');
insert into Works_at (MedicareCardNumber, FacilityID, StartDate, EndDate, Role) values ('jevl40904934', 17, '2020-01-01', null, 'secretary');
insert into Works_at (MedicareCardNumber, FacilityID, StartDate, EndDate, Role) values ('wgcf20915276', 18, '2020-01-01', null, 'professor');
insert into Works_at (MedicareCardNumber, FacilityID, StartDate, EndDate, Role) values ('oiga45430748', 19, '2020-01-01', null, 'security guard');
insert into Works_at (MedicareCardNumber, FacilityID, StartDate, EndDate, Role) values ('jnei34873512', 20, '2020-01-01', '2022-12-18', 'counselor');


-- Infections

insert into Infections (MedicareCardNumber, Date, Type) values ('wmxb79359123', '2021-05-10', 'COVID-19');
insert into Infections (MedicareCardNumber, Date, Type) values ('lalp36911244', '2022-03-09', 'COVID-19');
insert into Infections (MedicareCardNumber, Date, Type) values ('hodn32872143', '2021-07-24', 'SARS-COV-2');
insert into Infections (MedicareCardNumber, Date, Type) values ('qgju63730046', '2021-05-27', 'COVID-19');
insert into Infections (MedicareCardNumber, Date, Type) values ('zhsb72120820', '2020-10-28', 'COVID-19');
insert into Infections (MedicareCardNumber, Date, Type) values ('fmft30539826', '2022-03-03', 'SARS-COV-2');
insert into Infections (MedicareCardNumber, Date, Type) values ('bojg65817666', '2022-10-12', 'COVID-19');
insert into Infections (MedicareCardNumber, Date, Type) values ('moce67582114', '2020-06-04', 'COVID-19');
insert into Infections (MedicareCardNumber, Date, Type) values ('eelc32041277', '2020-09-17', 'COVID-19');
insert into Infections (MedicareCardNumber, Date, Type) values ('oiga45430748', '2021-04-08', 'SARS-COV-2');
insert into Infections (MedicareCardNumber, Date, Type) values ('qgqv90824413', '2020-10-20', 'COVID-19');
insert into Infections (MedicareCardNumber, Date, Type) values ('xwhw10574070', '2022-03-27', 'SARS-COV-2');
insert into Infections (MedicareCardNumber, Date, Type) values ('cwmx16384442', '2020-06-25', 'SARS-COV-2');
insert into Infections (MedicareCardNumber, Date, Type) values ('kbpu30268596', '2021-08-02', 'COVID-19');
insert into Infections (MedicareCardNumber, Date, Type) values ('rioe89352575', '2020-11-25', 'SARS-COV-2');
insert into Infections (MedicareCardNumber, Date, Type) values ('mqul29848145', '2023-05-15', 'SARS-COV-2');
insert into Infections (MedicareCardNumber, Date, Type) values ('cwmx16384442', '2022-07-11', 'COVID-19');
insert into Infections (MedicareCardNumber, Date, Type) values ('qwyp40848888', '2021-08-10', 'COVID-19');
insert into Infections (MedicareCardNumber, Date, Type) values ('bojg65817666', '2022-04-23', 'SARS-COV-2');
insert into Infections (MedicareCardNumber, Date, Type) values ('xsja34866827', '2021-12-07', 'COVID-19');
insert into Infections (MedicareCardNumber, Date, Type) values ('xuca53771633', '2022-01-28', 'SARS-COV-2');
insert into Infections (MedicareCardNumber, Date, Type) values ('zazb04625227', '2022-10-23', 'COVID-19');
insert into Infections (MedicareCardNumber, Date, Type) values ('ywsc02075548', '2021-07-09', 'COVID-19');
insert into Infections (MedicareCardNumber, Date, Type) values ('wgcf20915276', '2020-08-28', 'SARS-COV-2');
insert into Infections (MedicareCardNumber, Date, Type) values ('pzih79804641', '2020-11-08', 'COVID-19');
insert into Infections (MedicareCardNumber, Date, Type) values ('jjfq23871528', '2021-03-13', 'SARS-COV-2');
insert into Infections (MedicareCardNumber, Date, Type) values ('mebe95205703', '2021-12-27', 'COVID-19');
insert into Infections (MedicareCardNumber, Date, Type) values ('qwsm93413499', '2023-04-12', 'SARS-COV-2');
insert into Infections (MedicareCardNumber, Date, Type) values ('socq52922660', '2023-02-14', 'SARS-COV-2');
insert into Infections (MedicareCardNumber, Date, Type) values ('lhsu88256858', '2020-06-03', 'COVID-19');
insert into Infections (MedicareCardNumber, Date, Type) values ('atks99812156', '2023-02-15', 'COVID-19');
insert into Infections (MedicareCardNumber, Date, Type) values ('emge34254207', '2020-09-20', 'SARS-COV-2');
insert into Infections (MedicareCardNumber, Date, Type) values ('pczm46837052', '2020-12-08', 'SARS-COV-2');
insert into Infections (MedicareCardNumber, Date, Type) values ('arfk63854853', '2021-06-26', 'COVID-19');
insert into Infections (MedicareCardNumber, Date, Type) values ('tcnf16204183', '2021-09-15', 'SARS-COV-2');
insert into Infections (MedicareCardNumber, Date, Type) values ('lhsu88256858', '2020-06-04', 'SARS-COV-2');
insert into Infections (MedicareCardNumber, Date, Type) values ('wtpf09744672', '2022-10-29', 'COVID-19');
insert into Infections (MedicareCardNumber, Date, Type) values ('imab26398970', '2022-08-23', 'COVID-19');
insert into Infections (MedicareCardNumber, Date, Type) values ('mebe95205703', '2023-03-23', 'SARS-COV-2');
insert into Infections (MedicareCardNumber, Date, Type) values ('dxkf79246024', '2022-05-11', 'SARS-COV-2');
insert into Infections (MedicareCardNumber, Date, Type) values ('qwyp40848888', '2023-03-21', 'SARS-COV-2');
insert into Infections (MedicareCardNumber, Date, Type) values ('mufn13946729', '2022-08-28', 'SARS-COV-2');
insert into Infections (MedicareCardNumber, Date, Type) values ('egek80853382', '2022-09-21', 'COVID-19');
insert into Infections (MedicareCardNumber, Date, Type) values ('hfse43060169', '2023-03-20', 'SARS-COV-2');
insert into Infections (MedicareCardNumber, Date, Type) values ('rttt98363344', '2021-05-12', 'SARS-COV-2');
insert into Infections (MedicareCardNumber, Date, Type) values ('hajw65685865', '2021-12-25', 'COVID-19');
insert into Infections (MedicareCardNumber, Date, Type) values ('atks99812156', '2023-02-04', 'COVID-19');
insert into Infections (MedicareCardNumber, Date, Type) values ('yrfp18569080', '2023-02-09', 'SARS-COV-2');
insert into Infections (MedicareCardNumber, Date, Type) values ('gnvw66226509', '2020-04-26', 'SARS-COV-2');
insert into Infections (MedicareCardNumber, Date, Type) values ('cqro21400322', '2022-03-02', 'COVID-19');
insert into Infections (MedicareCardNumber, Date, Type) values ('swdq22036839', '2022-07-10', 'COVID-19');
insert into Infections (MedicareCardNumber, Date, Type) values ('ujuy69477332', '2021-06-03', 'COVID-19');
insert into Infections (MedicareCardNumber, Date, Type) values ('socq52922660', '2020-07-02', 'SARS-COV-2');
insert into Infections (MedicareCardNumber, Date, Type) values ('megp37616198', '2020-07-23', 'COVID-19');
insert into Infections (MedicareCardNumber, Date, Type) values ('ntdn93645414', '2023-02-04', 'COVID-19');
insert into Infections (MedicareCardNumber, Date, Type) values ('rdcl20382957', '2023-01-06', 'COVID-19');
insert into Infections (MedicareCardNumber, Date, Type) values ('pylw96019050', '2020-12-05', 'COVID-19');
insert into Infections (MedicareCardNumber, Date, Type) values ('qgju63730046', '2020-05-26', 'COVID-19');
insert into Infections (MedicareCardNumber, Date, Type) values ('jmkp95106526', '2020-06-23', 'SARS-COV-2');
insert into Infections (MedicareCardNumber, Date, Type) values ('dwsa97105984', '2021-01-27', 'COVID-19');
insert into Infections (MedicareCardNumber, Date, Type) values ('bojg65817666', '2020-10-21', 'COVID-19');
insert into Infections (MedicareCardNumber, Date, Type) values ('chnb68073157', '2021-11-19', 'SARS-COV-2');
insert into Infections (MedicareCardNumber, Date, Type) values ('uqyb64093330', '2022-11-14', 'SARS-COV-2');
insert into Infections (MedicareCardNumber, Date, Type) values ('mmbj21491450', '2022-09-18', 'COVID-19');
insert into Infections (MedicareCardNumber, Date, Type) values ('lcyd89458272', '2022-07-07', 'SARS-COV-2');
insert into Infections (MedicareCardNumber, Date, Type) values ('eewd09862766', '2021-04-09', 'SARS-COV-2');
insert into Infections (MedicareCardNumber, Date, Type) values ('jhkf86218417', '2023-02-18', 'COVID-19');
insert into Infections (MedicareCardNumber, Date, Type) values ('oead75177039', '2022-04-12', 'SARS-COV-2');
insert into Infections (MedicareCardNumber, Date, Type) values ('ygos53720461', '2022-11-16', 'SARS-COV-2');
insert into Infections (MedicareCardNumber, Date, Type) values ('capc26072389', '2023-06-07', 'SARS-COV-2');
insert into Infections (MedicareCardNumber, Date, Type) values ('ygos53720461', '2021-05-18', 'SARS-COV-2');
insert into Infections (MedicareCardNumber, Date, Type) values ('xhtc50744068', '2022-03-06', 'COVID-19');
insert into Infections (MedicareCardNumber, Date, Type) values ('tscn83047436', '2021-01-09', 'COVID-19');
insert into Infections (MedicareCardNumber, Date, Type) values ('vldh66815198', '2021-01-25', 'COVID-19');
insert into Infections (MedicareCardNumber, Date, Type) values ('fmnr38462528', '2022-01-02', 'SARS-COV-2');
insert into Infections (MedicareCardNumber, Date, Type) values ('oyqu07894002', '2021-09-02', 'COVID-19');
insert into Infections (MedicareCardNumber, Date, Type) values ('qsep60324290', '2023-04-01', 'COVID-19');
insert into Infections (MedicareCardNumber, Date, Type) values ('kzqk30368358', '2021-03-31', 'COVID-19');
insert into Infections (MedicareCardNumber, Date, Type) values ('xldj37998130', '2020-08-23', 'SARS-COV-2');
insert into Infections (MedicareCardNumber, Date, Type) values ('egek80853382', '2020-11-29', 'COVID-19');
insert into Infections (MedicareCardNumber, Date, Type) values ('alji19160144', '2020-09-13', 'COVID-19');
insert into Infections (MedicareCardNumber, Date, Type) values ('ozxy26620997', '2021-12-07', 'SARS-COV-2');
insert into Infections (MedicareCardNumber, Date, Type) values ('qjlj46731680', '2020-05-03', 'COVID-19');
insert into Infections (MedicareCardNumber, Date, Type) values ('pylw96019050', '2022-10-15', 'SARS-COV-2');
insert into Infections (MedicareCardNumber, Date, Type) values ('cwmx16384442', '2020-09-16', 'COVID-19');
insert into Infections (MedicareCardNumber, Date, Type) values ('sonr94506633', '2021-08-10', 'SARS-COV-2');
insert into Infections (MedicareCardNumber, Date, Type) values ('psnr24406771', '2023-01-17', 'SARS-COV-2');
insert into Infections (MedicareCardNumber, Date, Type) values ('eldl00129280', '2021-06-02', 'SARS-COV-2');
insert into Infections (MedicareCardNumber, Date, Type) values ('gnvw66226509', '2022-12-23', 'SARS-COV-2');
insert into Infections (MedicareCardNumber, Date, Type) values ('jhkf86218417', '2021-10-10', 'COVID-19');
insert into Infections (MedicareCardNumber, Date, Type) values ('ihdp30946666', '2020-12-13', 'COVID-19');
insert into Infections (MedicareCardNumber, Date, Type) values ('bojg65817666', '2021-02-24', 'COVID-19');
insert into Infections (MedicareCardNumber, Date, Type) values ('fdlo28652111', '2020-10-10', 'SARS-COV-2');
insert into Infections (MedicareCardNumber, Date, Type) values ('vyzn02541021', '2023-03-31', 'COVID-19');
insert into Infections (MedicareCardNumber, Date, Type) values ('wmxb79359123', '2021-07-03', 'COVID-19');
insert into Infections (MedicareCardNumber, Date, Type) values ('yrfp18569080', '2020-10-10', 'SARS-COV-2');
insert into Infections (MedicareCardNumber, Date, Type) values ('fmft30539826', '2022-06-01', 'SARS-COV-2');
insert into Infections (MedicareCardNumber, Date, Type) values ('eldl00129280', '2022-10-27', 'SARS-COV-2');
insert into Infections (MedicareCardNumber, Date, Type) values ('xuca53771633', '2020-08-22', 'COVID-19');
insert into Infections (MedicareCardNumber, Date, Type) values ('pylw96019050', '2023-03-09', 'SARS-COV-2');
insert into Infections (MedicareCardNumber, Date, Type) values ('lalp36911244', '2023-06-02', 'SARS-COV-2');
insert into Infections (MedicareCardNumber, Date, Type) values ('ukfl91653042', '2020-08-18', 'SARS-COV-2');
insert into Infections (MedicareCardNumber, Date, Type) values ('wdni35889625', '2021-01-11', 'SARS-COV-2');
insert into Infections (MedicareCardNumber, Date, Type) values ('xuca53771633', '2023-02-11', 'SARS-COV-2');
insert into Infections (MedicareCardNumber, Date, Type) values ('czaf10943713', '2020-10-01', 'SARS-COV-2');
insert into Infections (MedicareCardNumber, Date, Type) values ('lgey27382514', '2021-11-19', 'SARS-COV-2');
insert into Infections (MedicareCardNumber, Date, Type) values ('oyqu07894002', '2022-11-24', 'COVID-19');
insert into Infections (MedicareCardNumber, Date, Type) values ('nixe31972681', '2020-08-14', 'COVID-19');
insert into Infections (MedicareCardNumber, Date, Type) values ('iljb68415742', '2021-04-28', 'SARS-COV-2');
insert into Infections (MedicareCardNumber, Date, Type) values ('ywsc02075548', '2021-04-24', 'COVID-19');
insert into Infections (MedicareCardNumber, Date, Type) values ('hvbb04937488', '2022-03-08', 'SARS-COV-2');
insert into Infections (MedicareCardNumber, Date, Type) values ('obxz22814037', '2021-10-06', 'SARS-COV-2');
insert into Infections (MedicareCardNumber, Date, Type) values ('owae00457175', '2022-10-08', 'SARS-COV-2');
insert into Infections (MedicareCardNumber, Date, Type) values ('cqro21400322', '2022-12-24', 'COVID-19');
insert into Infections (MedicareCardNumber, Date, Type) values ('rttt98363344', '2022-05-17', 'COVID-19');
insert into Infections (MedicareCardNumber, Date, Type) values ('atks99812156', '2022-10-05', 'SARS-COV-2');
insert into Infections (MedicareCardNumber, Date, Type) values ('xuca53771633', '2020-08-18', 'SARS-COV-2');
insert into Infections (MedicareCardNumber, Date, Type) values ('iljb68415742', '2021-12-21', 'COVID-19');
insert into Infections (MedicareCardNumber, Date, Type) values ('ofsn90148550', '2022-06-09', 'COVID-19');
insert into Infections (MedicareCardNumber, Date, Type) values ('tscn83047436', '2022-11-12', 'COVID-19');
insert into Infections (MedicareCardNumber, Date, Type) values ('qgju63730046', '2022-09-25', 'SARS-COV-2');
insert into Infections (MedicareCardNumber, Date, Type) values ('jcqj36587505', '2020-06-20', 'COVID-19');
insert into Infections (MedicareCardNumber, Date, Type) values ('fflo43130116', '2020-11-08', 'COVID-19');
insert into Infections (MedicareCardNumber, Date, Type) values ('aoph31238243', '2021-04-19', 'SARS-COV-2');
insert into Infections (MedicareCardNumber, Date, Type) values ('imab26398970', '2021-06-11', 'SARS-COV-2');
insert into Infections (MedicareCardNumber, Date, Type) values ('gnvw66226509', '2023-06-01', 'SARS-COV-2');
insert into Infections (MedicareCardNumber, Date, Type) values ('uqpd60956826', '2021-02-04', 'COVID-19');
insert into Infections (MedicareCardNumber, Date, Type) values ('cqro21400322', '2020-09-18', 'COVID-19');
insert into Infections (MedicareCardNumber, Date, Type) values ('iqxb81417596', '2022-01-22', 'COVID-19');
insert into Infections (MedicareCardNumber, Date, Type) values ('bzyt45710755', '2021-08-02', 'SARS-COV-2');
insert into Infections (MedicareCardNumber, Date, Type) values ('megp37616198', '2020-06-22', 'SARS-COV-2');
insert into Infections (MedicareCardNumber, Date, Type) values ('xwhw10574070', '2020-10-01', 'COVID-19');
insert into Infections (MedicareCardNumber, Date, Type) values ('ycfa62422408', '2022-03-03', 'SARS-COV-2');
insert into Infections (MedicareCardNumber, Date, Type) values ('aoph31238243', '2022-12-12', 'COVID-19');
insert into Infections (MedicareCardNumber, Date, Type) values ('rutm38908574', '2022-09-09', 'SARS-COV-2');
insert into Infections (MedicareCardNumber, Date, Type) values ('uewd97679062', '2021-06-10', 'SARS-COV-2');
insert into Infections (MedicareCardNumber, Date, Type) values ('oinw51730594', '2023-06-25', 'SARS-COV-2');
insert into Infections (MedicareCardNumber, Date, Type) values ('rxyt38729160', '2021-10-07', 'COVID-19');
insert into Infections (MedicareCardNumber, Date, Type) values ('rioe89352575', '2021-03-30', 'COVID-19');
insert into Infections (MedicareCardNumber, Date, Type) values ('zgri52852211', '2021-06-03', 'COVID-19');
insert into Infections (MedicareCardNumber, Date, Type) values ('awlc32708147', '2020-06-17', 'SARS-COV-2');
insert into Infections (MedicareCardNumber, Date, Type) values ('fmft30539826', '2022-10-04', 'COVID-19');
insert into Infections (MedicareCardNumber, Date, Type) values ('oiga45430748', '2022-12-19', 'SARS-COV-2');
insert into Infections (MedicareCardNumber, Date, Type) values ('fflo43130116', '2023-03-16', 'COVID-19');
insert into Infections (MedicareCardNumber, Date, Type) values ('ruqr16089855', '2022-02-23', 'SARS-COV-2');
insert into Infections (MedicareCardNumber, Date, Type) values ('gdfm09523270', '2022-01-12', 'COVID-19');
insert into Infections (MedicareCardNumber, Date, Type) values ('cbav56372713', '2022-11-24', 'SARS-COV-2');
insert into Infections (MedicareCardNumber, Date, Type) values ('hloq08348050', '2022-03-01', 'COVID-19');
insert into Infections (MedicareCardNumber, Date, Type) values ('fmnr38462528', '2020-04-09', 'SARS-COV-2');
insert into Infections (MedicareCardNumber, Date, Type) values ('mufn13946729', '2020-07-11', 'SARS-COV-2');
insert into Infections (MedicareCardNumber, Date, Type) values ('jjfq23871528', '2020-08-11', 'COVID-19');
insert into Infections (MedicareCardNumber, Date, Type) values ('sxga74866857', '2022-06-02', 'COVID-19');
insert into Infections (MedicareCardNumber, Date, Type) values ('megp37616198', '2021-03-17', 'COVID-19');
insert into Infections (MedicareCardNumber, Date, Type) values ('pagj95457876', '2022-09-10', 'COVID-19');
insert into Infections (MedicareCardNumber, Date, Type) values ('lcyd89458272', '2021-11-19', 'SARS-COV-2');
insert into Infections (MedicareCardNumber, Date, Type) values ('dlhb58032811', '2021-03-10', 'SARS-COV-2');
insert into Infections (MedicareCardNumber, Date, Type) values ('zuem98716439', '2020-10-17', 'SARS-COV-2');
insert into Infections (MedicareCardNumber, Date, Type) values ('aoph31238243', '2023-03-07', 'COVID-19');
insert into Infections (MedicareCardNumber, Date, Type) values ('kzqk30368358', '2021-01-05', 'COVID-19');
insert into Infections (MedicareCardNumber, Date, Type) values ('owae00457175', '2022-07-26', 'SARS-COV-2');
insert into Infections (MedicareCardNumber, Date, Type) values ('tzvx03827206', '2022-09-28', 'SARS-COV-2');
insert into Infections (MedicareCardNumber, Date, Type) values ('hloq08348050', '2021-04-03', 'SARS-COV-2');
insert into Infections (MedicareCardNumber, Date, Type) values ('capc26072389', '2021-08-02', 'COVID-19');
insert into Infections (MedicareCardNumber, Date, Type) values ('ofsn90148550', '2020-08-28', 'COVID-19');
insert into Infections (MedicareCardNumber, Date, Type) values ('vldh66815198', '2023-07-12', 'COVID-19');
insert into Infections (MedicareCardNumber, Date, Type) values ('jcqj36587505', '2021-12-02', 'COVID-19');
insert into Infections (MedicareCardNumber, Date, Type) values ('lhsu88256858', '2021-06-13', 'COVID-19');
insert into Infections (MedicareCardNumber, Date, Type) values ('socq52922660', '2023-05-20', 'COVID-19');
insert into Infections (MedicareCardNumber, Date, Type) values ('vldh66815198', '2020-07-05', 'SARS-COV-2');
insert into Infections (MedicareCardNumber, Date, Type) values ('alji19160144', '2021-03-17', 'COVID-19');
insert into Infections (MedicareCardNumber, Date, Type) values ('udzr21294375', '2020-10-15', 'COVID-19');
insert into Infections (MedicareCardNumber, Date, Type) values ('zbri44071225', '2023-07-12', 'COVID-19');
insert into Infections (MedicareCardNumber, Date, Type) values ('qgju63730046', '2022-02-09', 'COVID-19');
insert into Infections (MedicareCardNumber, Date, Type) values ('rdcl20382957', '2022-10-21', 'SARS-COV-2');
insert into Infections (MedicareCardNumber, Date, Type) values ('rttt98363344', '2021-08-02', 'COVID-19');
insert into Infections (MedicareCardNumber, Date, Type) values ('czaf10943713', '2020-05-18', 'SARS-COV-2');
insert into Infections (MedicareCardNumber, Date, Type) values ('qusm42314138', '2021-10-12', 'COVID-19');
insert into Infections (MedicareCardNumber, Date, Type) values ('mlus32550800', '2020-07-22', 'SARS-COV-2');
insert into Infections (MedicareCardNumber, Date, Type) values ('qfuh36449429', '2021-04-12', 'COVID-19');
insert into Infections (MedicareCardNumber, Date, Type) values ('gpve73328248', '2021-01-04', 'COVID-19');
insert into Infections (MedicareCardNumber, Date, Type) values ('bvmf04864173', '2022-09-04', 'SARS-COV-2');
insert into Infections (MedicareCardNumber, Date, Type) values ('vhrd09594403', '2020-06-22', 'COVID-19');
insert into Infections (MedicareCardNumber, Date, Type) values ('pagj95457876', '2022-10-13', 'COVID-19');
insert into Infections (MedicareCardNumber, Date, Type) values ('rioe89352575', '2020-04-05', 'SARS-COV-2');
insert into Infections (MedicareCardNumber, Date, Type) values ('xrug14464864', '2023-01-25', 'COVID-19');
insert into Infections (MedicareCardNumber, Date, Type) values ('hodn32872143', '2021-07-29', 'COVID-19');
insert into Infections (MedicareCardNumber, Date, Type) values ('xrug14464864', '2022-10-18', 'COVID-19');
insert into Infections (MedicareCardNumber, Date, Type) values ('xhtc50744068', '2022-01-23', 'COVID-19');
insert into Infections (MedicareCardNumber, Date, Type) values ('fmft30539826', '2022-11-18', 'COVID-19');
insert into Infections (MedicareCardNumber, Date, Type) values ('dxkf79246024', '2020-11-22', 'COVID-19');
insert into Infections (MedicareCardNumber, Date, Type) values ('atks99812156', '2023-06-15', 'SARS-COV-2');
insert into Infections (MedicareCardNumber, Date, Type) values ('cbav56372713', '2022-04-29', 'SARS-COV-2');
insert into Infections (MedicareCardNumber, Date, Type) values ('xhtc50744068', '2022-03-06', 'COVID-19');
insert into Infections (MedicareCardNumber, Date, Type) values ('awlc32708147', '2022-01-11', 'SARS-COV-2');
insert into Infections (MedicareCardNumber, Date, Type) values ('wtpf09744672', '2020-11-12', 'COVID-19');
insert into Infections (MedicareCardNumber, Date, Type) values ('capc26072389', '2021-12-11', 'SARS-COV-2');
insert into Infections (MedicareCardNumber, Date, Type) values ('nyxu85611817', '2021-10-21', 'SARS-COV-2');
insert into Infections (MedicareCardNumber, Date, Type) values ('cmhu48223732', '2020-08-18', 'COVID-19');
insert into Infections (MedicareCardNumber, Date, Type) values ('swdq22036839', '2022-02-15', 'COVID-19');
insert into Infections (MedicareCardNumber, Date, Type) values ('ptym02499681', '2022-09-03', 'SARS-COV-2');


-- Vaccinations

insert into Vaccinations (MedicareCardNumber, Date, Type, DoseNumber) values ('yrfp18569080', '2021-09-05', 'Pfizer', 2);
insert into Vaccinations (MedicareCardNumber, Date, Type, DoseNumber) values ('gplk09316668', '2021-07-18', 'Johnson & Johnson', 4);
insert into Vaccinations (MedicareCardNumber, Date, Type, DoseNumber) values ('uewd97679062', '2020-06-12', 'Moderna', 1);
insert into Vaccinations (MedicareCardNumber, Date, Type, DoseNumber) values ('ekmg52328361', '2023-04-16', 'Moderna', 4);
insert into Vaccinations (MedicareCardNumber, Date, Type, DoseNumber) values ('jhkf86218417', '2021-07-12', 'Pfizer', 3);
insert into Vaccinations (MedicareCardNumber, Date, Type, DoseNumber) values ('pylw96019050', '2021-05-30', 'AstraZeneca', 3);
insert into Vaccinations (MedicareCardNumber, Date, Type, DoseNumber) values ('egek80853382', '2021-11-07', 'Pfizer', 4);
insert into Vaccinations (MedicareCardNumber, Date, Type, DoseNumber) values ('ypwn67880138', '2020-10-26', 'Pfizer', 4);
insert into Vaccinations (MedicareCardNumber, Date, Type, DoseNumber) values ('jjfq23871528', '2020-04-12', 'Johnson & Johnson', 2);
insert into Vaccinations (MedicareCardNumber, Date, Type, DoseNumber) values ('ptym02499681', '2022-04-07', 'Moderna', 4);
insert into Vaccinations (MedicareCardNumber, Date, Type, DoseNumber) values ('inbi07848043', '2022-08-01', 'Pfizer', 4);
insert into Vaccinations (MedicareCardNumber, Date, Type, DoseNumber) values ('cbav56372713', '2022-10-07', 'Johnson & Johnson', 2);
insert into Vaccinations (MedicareCardNumber, Date, Type, DoseNumber) values ('ojae88755527', '2022-05-25', 'Johnson & Johnson', 2);
insert into Vaccinations (MedicareCardNumber, Date, Type, DoseNumber) values ('vhat25610353', '2022-09-12', 'Johnson & Johnson', 2);
insert into Vaccinations (MedicareCardNumber, Date, Type, DoseNumber) values ('fflo43130116', '2022-05-08', 'Pfizer', 1);
insert into Vaccinations (MedicareCardNumber, Date, Type, DoseNumber) values ('capc26072389', '2021-08-19', 'Pfizer', 4);
insert into Vaccinations (MedicareCardNumber, Date, Type, DoseNumber) values ('tcnf16204183', '2023-04-03', 'Moderna', 4);
insert into Vaccinations (MedicareCardNumber, Date, Type, DoseNumber) values ('vswl85620639', '2022-03-29', 'Johnson & Johnson', 2);
insert into Vaccinations (MedicareCardNumber, Date, Type, DoseNumber) values ('xrug14464864', '2020-05-08', 'Pfizer', 4);
insert into Vaccinations (MedicareCardNumber, Date, Type, DoseNumber) values ('egek80853382', '2021-06-18', 'AstraZeneca', 3);
insert into Vaccinations (MedicareCardNumber, Date, Type, DoseNumber) values ('lryt26472999', '2023-06-21', 'Pfizer', 3);
insert into Vaccinations (MedicareCardNumber, Date, Type, DoseNumber) values ('sixb22790076', '2022-08-31', 'Moderna', 1);
insert into Vaccinations (MedicareCardNumber, Date, Type, DoseNumber) values ('bxpy53909250', '2023-03-29', 'Moderna', 3);
insert into Vaccinations (MedicareCardNumber, Date, Type, DoseNumber) values ('hfse43060169', '2023-06-26', 'Pfizer', 1);
insert into Vaccinations (MedicareCardNumber, Date, Type, DoseNumber) values ('uewd97679062', '2020-12-24', 'AstraZeneca', 3);
insert into Vaccinations (MedicareCardNumber, Date, Type, DoseNumber) values ('ukfl91653042', '2020-12-29', 'Pfizer', 2);
insert into Vaccinations (MedicareCardNumber, Date, Type, DoseNumber) values ('qfuh36449429', '2021-08-25', 'Moderna', 2);
insert into Vaccinations (MedicareCardNumber, Date, Type, DoseNumber) values ('gizc27512732', '2022-10-01', 'AstraZeneca', 4);
insert into Vaccinations (MedicareCardNumber, Date, Type, DoseNumber) values ('pylw96019050', '2022-10-13', 'Moderna', 4);
insert into Vaccinations (MedicareCardNumber, Date, Type, DoseNumber) values ('xxfl80652295', '2023-06-15', 'Pfizer', 1);
insert into Vaccinations (MedicareCardNumber, Date, Type, DoseNumber) values ('gcpd29713356', '2021-06-12', 'Moderna', 1);
insert into Vaccinations (MedicareCardNumber, Date, Type, DoseNumber) values ('mufn13946729', '2023-06-03', 'Moderna', 4);
insert into Vaccinations (MedicareCardNumber, Date, Type, DoseNumber) values ('hfse43060169', '2020-07-15', 'Johnson & Johnson', 2);
insert into Vaccinations (MedicareCardNumber, Date, Type, DoseNumber) values ('yrfp18569080', '2021-04-07', 'AstraZeneca', 3);
insert into Vaccinations (MedicareCardNumber, Date, Type, DoseNumber) values ('jjfq23871528', '2022-02-19', 'Moderna', 1);
insert into Vaccinations (MedicareCardNumber, Date, Type, DoseNumber) values ('mebe95205703', '2020-09-03', 'Moderna', 1);
insert into Vaccinations (MedicareCardNumber, Date, Type, DoseNumber) values ('ywsc02075548', '2020-05-15', 'Moderna', 1);
insert into Vaccinations (MedicareCardNumber, Date, Type, DoseNumber) values ('jnei34873512', '2020-05-09', 'Moderna', 4);
insert into Vaccinations (MedicareCardNumber, Date, Type, DoseNumber) values ('fmnr38462528', '2020-07-10', 'Pfizer', 1);
insert into Vaccinations (MedicareCardNumber, Date, Type, DoseNumber) values ('fhep45637197', '2023-06-30', 'Johnson & Johnson', 4);
insert into Vaccinations (MedicareCardNumber, Date, Type, DoseNumber) values ('aext10989722', '2020-09-18', 'Johnson & Johnson', 2);
insert into Vaccinations (MedicareCardNumber, Date, Type, DoseNumber) values ('vldh66815198', '2020-08-23', 'AstraZeneca', 2);
insert into Vaccinations (MedicareCardNumber, Date, Type, DoseNumber) values ('neno54514142', '2020-11-04', 'Moderna', 2);
insert into Vaccinations (MedicareCardNumber, Date, Type, DoseNumber) values ('chnb68073157', '2022-11-09', 'Johnson & Johnson', 4);
insert into Vaccinations (MedicareCardNumber, Date, Type, DoseNumber) values ('aqbr11559378', '2021-07-15', 'Pfizer', 1);
insert into Vaccinations (MedicareCardNumber, Date, Type, DoseNumber) values ('fdlo28652111', '2021-09-17', 'AstraZeneca', 3);
insert into Vaccinations (MedicareCardNumber, Date, Type, DoseNumber) values ('aqbr11559378', '2022-02-21', 'Moderna', 1);
insert into Vaccinations (MedicareCardNumber, Date, Type, DoseNumber) values ('bkly08244132', '2023-04-26', 'Johnson & Johnson', 1);
insert into Vaccinations (MedicareCardNumber, Date, Type, DoseNumber) values ('pzih79804641', '2020-07-20', 'AstraZeneca', 1);
insert into Vaccinations (MedicareCardNumber, Date, Type, DoseNumber) values ('oead75177039', '2022-03-10', 'Johnson & Johnson', 3);
insert into Vaccinations (MedicareCardNumber, Date, Type, DoseNumber) values ('jnei34873512', '2020-04-29', 'Johnson & Johnson', 2);
insert into Vaccinations (MedicareCardNumber, Date, Type, DoseNumber) values ('chnb68073157', '2020-07-10', 'Pfizer', 1);
insert into Vaccinations (MedicareCardNumber, Date, Type, DoseNumber) values ('czaf10943713', '2021-10-13', 'Johnson & Johnson', 3);
insert into Vaccinations (MedicareCardNumber, Date, Type, DoseNumber) values ('lxht00591052', '2020-06-25', 'AstraZeneca', 3);
insert into Vaccinations (MedicareCardNumber, Date, Type, DoseNumber) values ('kkeb25715635', '2020-08-20', 'Pfizer', 3);
insert into Vaccinations (MedicareCardNumber, Date, Type, DoseNumber) values ('xhxy87004970', '2022-05-24', 'Johnson & Johnson', 2);
insert into Vaccinations (MedicareCardNumber, Date, Type, DoseNumber) values ('lcyd89458272', '2020-05-05', 'Johnson & Johnson', 4);
insert into Vaccinations (MedicareCardNumber, Date, Type, DoseNumber) values ('cuwj03025855', '2022-10-29', 'Moderna', 1);
insert into Vaccinations (MedicareCardNumber, Date, Type, DoseNumber) values ('atks99812156', '2021-12-06', 'Moderna', 4);
insert into Vaccinations (MedicareCardNumber, Date, Type, DoseNumber) values ('ivww15311375', '2020-05-18', 'Johnson & Johnson', 2);
insert into Vaccinations (MedicareCardNumber, Date, Type, DoseNumber) values ('ntdn93645414', '2022-02-25', 'Johnson & Johnson', 3);
insert into Vaccinations (MedicareCardNumber, Date, Type, DoseNumber) values ('ekkh51355135', '2023-03-06', 'AstraZeneca', 4);
insert into Vaccinations (MedicareCardNumber, Date, Type, DoseNumber) values ('uqpd60956826', '2023-06-11', 'Pfizer', 1);
insert into Vaccinations (MedicareCardNumber, Date, Type, DoseNumber) values ('pagj95457876', '2021-11-05', 'Johnson & Johnson', 1);
insert into Vaccinations (MedicareCardNumber, Date, Type, DoseNumber) values ('hfse43060169', '2020-12-18', 'Johnson & Johnson', 1);
insert into Vaccinations (MedicareCardNumber, Date, Type, DoseNumber) values ('sixb22790076', '2020-12-07', 'Moderna', 3);
insert into Vaccinations (MedicareCardNumber, Date, Type, DoseNumber) values ('jevl40904934', '2020-10-20', 'Johnson & Johnson', 4);
insert into Vaccinations (MedicareCardNumber, Date, Type, DoseNumber) values ('mufn13946729', '2023-05-11', 'Moderna', 1);
insert into Vaccinations (MedicareCardNumber, Date, Type, DoseNumber) values ('neno54514142', '2021-03-18', 'Moderna', 4);
insert into Vaccinations (MedicareCardNumber, Date, Type, DoseNumber) values ('sonr94506633', '2022-06-28', 'Johnson & Johnson', 3);
insert into Vaccinations (MedicareCardNumber, Date, Type, DoseNumber) values ('rttt98363344', '2020-09-30', 'AstraZeneca', 2);
insert into Vaccinations (MedicareCardNumber, Date, Type, DoseNumber) values ('sixb22790076', '2022-01-28', 'AstraZeneca', 1);
insert into Vaccinations (MedicareCardNumber, Date, Type, DoseNumber) values ('pagj95457876', '2020-04-25', 'Moderna', 3);
insert into Vaccinations (MedicareCardNumber, Date, Type, DoseNumber) values ('gdfm09523270', '2023-07-06', 'Johnson & Johnson', 2);
insert into Vaccinations (MedicareCardNumber, Date, Type, DoseNumber) values ('ycfa62422408', '2021-02-06', 'Johnson & Johnson', 1);
insert into Vaccinations (MedicareCardNumber, Date, Type, DoseNumber) values ('eiax15101277', '2022-03-30', 'Moderna', 3);
insert into Vaccinations (MedicareCardNumber, Date, Type, DoseNumber) values ('ujuy69477332', '2022-01-18', 'Moderna', 4);
insert into Vaccinations (MedicareCardNumber, Date, Type, DoseNumber) values ('emge34254207', '2021-06-16', 'AstraZeneca', 4);
insert into Vaccinations (MedicareCardNumber, Date, Type, DoseNumber) values ('hjye68751628', '2023-07-03', 'Johnson & Johnson', 1);
insert into Vaccinations (MedicareCardNumber, Date, Type, DoseNumber) values ('okpb78117732', '2021-01-05', 'Pfizer', 4);
insert into Vaccinations (MedicareCardNumber, Date, Type, DoseNumber) values ('nhxf64204943', '2021-04-13', 'Moderna', 1);
insert into Vaccinations (MedicareCardNumber, Date, Type, DoseNumber) values ('neno54514142', '2021-04-16', 'AstraZeneca', 1);
insert into Vaccinations (MedicareCardNumber, Date, Type, DoseNumber) values ('jhfa32130886', '2021-04-11', 'AstraZeneca', 2);
insert into Vaccinations (MedicareCardNumber, Date, Type, DoseNumber) values ('ysbb77857336', '2021-02-22', 'Pfizer', 1);
insert into Vaccinations (MedicareCardNumber, Date, Type, DoseNumber) values ('xwhw10574070', '2020-05-15', 'Johnson & Johnson', 3);
insert into Vaccinations (MedicareCardNumber, Date, Type, DoseNumber) values ('wgcf20915276', '2022-12-18', 'Pfizer', 3);
insert into Vaccinations (MedicareCardNumber, Date, Type, DoseNumber) values ('ygos53720461', '2021-12-17', 'Pfizer', 3);
insert into Vaccinations (MedicareCardNumber, Date, Type, DoseNumber) values ('ivww15311375', '2022-03-12', 'Johnson & Johnson', 1);
insert into Vaccinations (MedicareCardNumber, Date, Type, DoseNumber) values ('uqyb64093330', '2021-04-23', 'Moderna', 1);
insert into Vaccinations (MedicareCardNumber, Date, Type, DoseNumber) values ('atks99812156', '2021-08-10', 'Johnson & Johnson', 1);
insert into Vaccinations (MedicareCardNumber, Date, Type, DoseNumber) values ('mqul29848145', '2022-06-01', 'Johnson & Johnson', 3);
insert into Vaccinations (MedicareCardNumber, Date, Type, DoseNumber) values ('oinw51730594', '2020-06-18', 'Pfizer', 4);
insert into Vaccinations (MedicareCardNumber, Date, Type, DoseNumber) values ('cqro21400322', '2022-06-11', 'AstraZeneca', 3);
insert into Vaccinations (MedicareCardNumber, Date, Type, DoseNumber) values ('obxz22814037', '2021-04-10', 'AstraZeneca', 1);
insert into Vaccinations (MedicareCardNumber, Date, Type, DoseNumber) values ('fhep45637197', '2023-02-11', 'Pfizer', 2);
insert into Vaccinations (MedicareCardNumber, Date, Type, DoseNumber) values ('ihdp30946666', '2021-07-23', 'Moderna', 1);
insert into Vaccinations (MedicareCardNumber, Date, Type, DoseNumber) values ('jhfa32130886', '2021-08-25', 'Johnson & Johnson', 3);
insert into Vaccinations (MedicareCardNumber, Date, Type, DoseNumber) values ('kzqk30368358', '2023-03-12', 'Johnson & Johnson', 4);
insert into Vaccinations (MedicareCardNumber, Date, Type, DoseNumber) values ('ypwn67880138', '2022-07-24', 'Pfizer', 1);
insert into Vaccinations (MedicareCardNumber, Date, Type, DoseNumber) values ('bwki36088579', '2022-10-06', 'Johnson & Johnson', 4);
insert into Vaccinations (MedicareCardNumber, Date, Type, DoseNumber) values ('dwsa97105984', '2021-05-30', 'Johnson & Johnson', 1);
insert into Vaccinations (MedicareCardNumber, Date, Type, DoseNumber) values ('alji19160144', '2020-08-13', 'Johnson & Johnson', 3);
insert into Vaccinations (MedicareCardNumber, Date, Type, DoseNumber) values ('ihdp30946666', '2020-12-09', 'Johnson & Johnson', 4);
insert into Vaccinations (MedicareCardNumber, Date, Type, DoseNumber) values ('tysa65788909', '2021-12-22', 'Moderna', 4);
insert into Vaccinations (MedicareCardNumber, Date, Type, DoseNumber) values ('fmnr38462528', '2020-05-04', 'Moderna', 2);
insert into Vaccinations (MedicareCardNumber, Date, Type, DoseNumber) values ('lalp36911244', '2022-01-18', 'Moderna', 2);
insert into Vaccinations (MedicareCardNumber, Date, Type, DoseNumber) values ('oead75177039', '2023-07-07', 'Moderna', 1);
insert into Vaccinations (MedicareCardNumber, Date, Type, DoseNumber) values ('okpb78117732', '2020-07-22', 'Pfizer', 2);
insert into Vaccinations (MedicareCardNumber, Date, Type, DoseNumber) values ('alji19160144', '2023-03-24', 'Johnson & Johnson', 4);
insert into Vaccinations (MedicareCardNumber, Date, Type, DoseNumber) values ('bkly08244132', '2022-07-04', 'Moderna', 3);
insert into Vaccinations (MedicareCardNumber, Date, Type, DoseNumber) values ('lalp36911244', '2022-12-27', 'Johnson & Johnson', 4);
insert into Vaccinations (MedicareCardNumber, Date, Type, DoseNumber) values ('zuem98716439', '2023-02-26', 'Pfizer', 1);
insert into Vaccinations (MedicareCardNumber, Date, Type, DoseNumber) values ('eewd09862766', '2023-03-29', 'Moderna', 4);
insert into Vaccinations (MedicareCardNumber, Date, Type, DoseNumber) values ('uwtu86990276', '2021-01-23', 'Pfizer', 2);
insert into Vaccinations (MedicareCardNumber, Date, Type, DoseNumber) values ('ekkh51355135', '2021-09-03', 'Moderna', 3);
insert into Vaccinations (MedicareCardNumber, Date, Type, DoseNumber) values ('ntdn93645414', '2021-02-23', 'Moderna', 3);
insert into Vaccinations (MedicareCardNumber, Date, Type, DoseNumber) values ('jmkp95106526', '2022-03-20', 'Johnson & Johnson', 2);
insert into Vaccinations (MedicareCardNumber, Date, Type, DoseNumber) values ('ypwn67880138', '2023-01-01', 'Pfizer', 3);
insert into Vaccinations (MedicareCardNumber, Date, Type, DoseNumber) values ('ukfl91653042', '2022-02-07', 'Pfizer', 1);
insert into Vaccinations (MedicareCardNumber, Date, Type, DoseNumber) values ('cmhu48223732', '2023-03-10', 'AstraZeneca', 4);
insert into Vaccinations (MedicareCardNumber, Date, Type, DoseNumber) values ('ptym02499681', '2020-05-10', 'Johnson & Johnson', 2);
insert into Vaccinations (MedicareCardNumber, Date, Type, DoseNumber) values ('vyzn02541021', '2022-02-21', 'Pfizer', 4);
insert into Vaccinations (MedicareCardNumber, Date, Type, DoseNumber) values ('ozxy26620997', '2022-10-19', 'Moderna', 3);
insert into Vaccinations (MedicareCardNumber, Date, Type, DoseNumber) values ('afqa37881868', '2021-10-11', 'AstraZeneca', 3);
insert into Vaccinations (MedicareCardNumber, Date, Type, DoseNumber) values ('ofxh62384749', '2020-06-09', 'Moderna', 3);
insert into Vaccinations (MedicareCardNumber, Date, Type, DoseNumber) values ('czaf10943713', '2022-03-10', 'Pfizer', 4);
insert into Vaccinations (MedicareCardNumber, Date, Type, DoseNumber) values ('inbi07848043', '2022-11-13', 'Johnson & Johnson', 4);
insert into Vaccinations (MedicareCardNumber, Date, Type, DoseNumber) values ('ppfb61361214', '2021-05-14', 'Pfizer', 4);
insert into Vaccinations (MedicareCardNumber, Date, Type, DoseNumber) values ('jcqj36587505', '2020-05-27', 'AstraZeneca', 1);
insert into Vaccinations (MedicareCardNumber, Date, Type, DoseNumber) values ('nyxu85611817', '2021-08-14', 'Pfizer', 3);
insert into Vaccinations (MedicareCardNumber, Date, Type, DoseNumber) values ('jcqj36587505', '2021-04-27', 'Pfizer', 3);
insert into Vaccinations (MedicareCardNumber, Date, Type, DoseNumber) values ('aext10989722', '2022-01-04', 'Pfizer', 2);
insert into Vaccinations (MedicareCardNumber, Date, Type, DoseNumber) values ('zuem98716439', '2020-08-21', 'Moderna', 1);
insert into Vaccinations (MedicareCardNumber, Date, Type, DoseNumber) values ('ofxh62384749', '2021-01-25', 'Johnson & Johnson', 2);
insert into Vaccinations (MedicareCardNumber, Date, Type, DoseNumber) values ('qwsm93413499', '2022-07-24', 'Moderna', 1);
insert into Vaccinations (MedicareCardNumber, Date, Type, DoseNumber) values ('udzr21294375', '2022-01-25', 'Johnson & Johnson', 2);
insert into Vaccinations (MedicareCardNumber, Date, Type, DoseNumber) values ('qgqv90824413', '2022-12-14', 'Pfizer', 3);
insert into Vaccinations (MedicareCardNumber, Date, Type, DoseNumber) values ('itkq76372143', '2022-05-29', 'AstraZeneca', 1);
insert into Vaccinations (MedicareCardNumber, Date, Type, DoseNumber) values ('mqul29848145', '2021-06-09', 'AstraZeneca', 4);
insert into Vaccinations (MedicareCardNumber, Date, Type, DoseNumber) values ('qjlj46731680', '2021-06-19', 'Moderna', 1);
insert into Vaccinations (MedicareCardNumber, Date, Type, DoseNumber) values ('ysbb77857336', '2022-01-25', 'AstraZeneca', 1);
insert into Vaccinations (MedicareCardNumber, Date, Type, DoseNumber) values ('kbpu30268596', '2023-07-04', 'Johnson & Johnson', 4);
insert into Vaccinations (MedicareCardNumber, Date, Type, DoseNumber) values ('zgri52852211', '2021-03-03', 'Moderna', 1);
insert into Vaccinations (MedicareCardNumber, Date, Type, DoseNumber) values ('tysa65788909', '2022-06-26', 'Pfizer', 1);
insert into Vaccinations (MedicareCardNumber, Date, Type, DoseNumber) values ('rutm38908574', '2020-04-25', 'AstraZeneca', 1);
insert into Vaccinations (MedicareCardNumber, Date, Type, DoseNumber) values ('otsg81695488', '2021-06-27', 'Johnson & Johnson', 2);
insert into Vaccinations (MedicareCardNumber, Date, Type, DoseNumber) values ('ruqr16089855', '2021-02-26', 'AstraZeneca', 3);
insert into Vaccinations (MedicareCardNumber, Date, Type, DoseNumber) values ('pagj95457876', '2021-11-30', 'Pfizer', 1);
insert into Vaccinations (MedicareCardNumber, Date, Type, DoseNumber) values ('isyw26997126', '2021-10-06', 'Moderna', 4);
insert into Vaccinations (MedicareCardNumber, Date, Type, DoseNumber) values ('ekkh51355135', '2021-09-20', 'Pfizer', 4);
insert into Vaccinations (MedicareCardNumber, Date, Type, DoseNumber) values ('nhxf64204943', '2022-02-28', 'Moderna', 2);
insert into Vaccinations (MedicareCardNumber, Date, Type, DoseNumber) values ('jjfq23871528', '2021-04-02', 'Johnson & Johnson', 4);
insert into Vaccinations (MedicareCardNumber, Date, Type, DoseNumber) values ('vtrb17948090', '2022-07-05', 'AstraZeneca', 3);
insert into Vaccinations (MedicareCardNumber, Date, Type, DoseNumber) values ('pzih79804641', '2021-05-24', 'AstraZeneca', 3);
insert into Vaccinations (MedicareCardNumber, Date, Type, DoseNumber) values ('cjmv60245894', '2021-12-13', 'Johnson & Johnson', 2);
insert into Vaccinations (MedicareCardNumber, Date, Type, DoseNumber) values ('ypwn67880138', '2020-10-26', 'Johnson & Johnson', 4);
insert into Vaccinations (MedicareCardNumber, Date, Type, DoseNumber) values ('sfnj98064680', '2022-01-20', 'Moderna', 4);
insert into Vaccinations (MedicareCardNumber, Date, Type, DoseNumber) values ('fidk33462805', '2023-04-20', 'Pfizer', 4);
insert into Vaccinations (MedicareCardNumber, Date, Type, DoseNumber) values ('nagj19124493', '2023-01-03', 'Johnson & Johnson', 2);
insert into Vaccinations (MedicareCardNumber, Date, Type, DoseNumber) values ('pzih79804641', '2020-12-09', 'AstraZeneca', 4);
insert into Vaccinations (MedicareCardNumber, Date, Type, DoseNumber) values ('nxrv84271244', '2023-06-18', 'AstraZeneca', 3);
insert into Vaccinations (MedicareCardNumber, Date, Type, DoseNumber) values ('pagj95457876', '2020-08-08', 'Pfizer', 4);
insert into Vaccinations (MedicareCardNumber, Date, Type, DoseNumber) values ('ruqr16089855', '2022-07-29', 'Pfizer', 4);
insert into Vaccinations (MedicareCardNumber, Date, Type, DoseNumber) values ('bvmf04864173', '2023-07-10', 'Moderna', 3);
insert into Vaccinations (MedicareCardNumber, Date, Type, DoseNumber) values ('oinw51730594', '2022-06-08', 'Pfizer', 2);
insert into Vaccinations (MedicareCardNumber, Date, Type, DoseNumber) values ('cuwj03025855', '2022-01-08', 'AstraZeneca', 3);
insert into Vaccinations (MedicareCardNumber, Date, Type, DoseNumber) values ('uqyb64093330', '2022-12-21', 'Pfizer', 1);
insert into Vaccinations (MedicareCardNumber, Date, Type, DoseNumber) values ('mebe95205703', '2020-09-06', 'Moderna', 2);
insert into Vaccinations (MedicareCardNumber, Date, Type, DoseNumber) values ('zgri52852211', '2021-05-03', 'Pfizer', 4);
insert into Vaccinations (MedicareCardNumber, Date, Type, DoseNumber) values ('jdom93566120', '2020-06-08', 'Moderna', 3);
insert into Vaccinations (MedicareCardNumber, Date, Type, DoseNumber) values ('nmbx05797213', '2022-04-13', 'Pfizer', 2);
insert into Vaccinations (MedicareCardNumber, Date, Type, DoseNumber) values ('dpzw63877238', '2020-09-13', 'Moderna', 2);
insert into Vaccinations (MedicareCardNumber, Date, Type, DoseNumber) values ('kkeb25715635', '2022-08-08', 'AstraZeneca', 3);
insert into Vaccinations (MedicareCardNumber, Date, Type, DoseNumber) values ('vwry25573289', '2020-12-01', 'AstraZeneca', 3);
insert into Vaccinations (MedicareCardNumber, Date, Type, DoseNumber) values ('awlc32708147', '2022-12-23', 'Moderna', 4);
insert into Vaccinations (MedicareCardNumber, Date, Type, DoseNumber) values ('jevl40904934', '2021-02-23', 'Pfizer', 2);
insert into Vaccinations (MedicareCardNumber, Date, Type, DoseNumber) values ('cjmv60245894', '2021-06-29', 'Johnson & Johnson', 2);
insert into Vaccinations (MedicareCardNumber, Date, Type, DoseNumber) values ('kbpu30268596', '2021-11-27', 'Pfizer', 4);
insert into Vaccinations (MedicareCardNumber, Date, Type, DoseNumber) values ('cqro21400322', '2021-04-05', 'Johnson & Johnson', 2);
insert into Vaccinations (MedicareCardNumber, Date, Type, DoseNumber) values ('zazb04625227', '2022-02-17', 'AstraZeneca', 2);
insert into Vaccinations (MedicareCardNumber, Date, Type, DoseNumber) values ('zeqg99658583', '2023-01-08', 'AstraZeneca', 2);
insert into Vaccinations (MedicareCardNumber, Date, Type, DoseNumber) values ('xhxy87004970', '2020-05-13', 'Johnson & Johnson', 4);
insert into Vaccinations (MedicareCardNumber, Date, Type, DoseNumber) values ('eelc32041277', '2022-02-08', 'AstraZeneca', 4);
insert into Vaccinations (MedicareCardNumber, Date, Type, DoseNumber) values ('socq52922660', '2022-09-11', 'Pfizer', 1);
insert into Vaccinations (MedicareCardNumber, Date, Type, DoseNumber) values ('ihdp30946666', '2023-06-29', 'Johnson & Johnson', 3);
insert into Vaccinations (MedicareCardNumber, Date, Type, DoseNumber) values ('cwmx16384442', '2021-01-13', 'Johnson & Johnson', 3);
insert into Vaccinations (MedicareCardNumber, Date, Type, DoseNumber) values ('imab26398970', '2023-01-27', 'Johnson & Johnson', 3);
insert into Vaccinations (MedicareCardNumber, Date, Type, DoseNumber) values ('dydp83048637', '2021-11-01', 'AstraZeneca', 1);
insert into Vaccinations (MedicareCardNumber, Date, Type, DoseNumber) values ('aoph31238243', '2022-10-31', 'Pfizer', 2);
insert into Vaccinations (MedicareCardNumber, Date, Type, DoseNumber) values ('mlus32550800', '2021-06-21', 'Moderna', 1);
insert into Vaccinations (MedicareCardNumber, Date, Type, DoseNumber) values ('chnb68073157', '2022-01-29', 'Johnson & Johnson', 2);
insert into Vaccinations (MedicareCardNumber, Date, Type, DoseNumber) values ('gizc27512732', '2020-10-08', 'Moderna', 4);
insert into Vaccinations (MedicareCardNumber, Date, Type, DoseNumber) values ('owae00457175', '2022-09-15', 'Pfizer', 1);
insert into Vaccinations (MedicareCardNumber, Date, Type, DoseNumber) values ('tysa65788909', '2023-01-12', 'Moderna', 4);
insert into Vaccinations (MedicareCardNumber, Date, Type, DoseNumber) values ('enny56422592', '2021-02-18', 'AstraZeneca', 1);
insert into Vaccinations (MedicareCardNumber, Date, Type, DoseNumber) values ('hfse43060169', '2020-04-06', 'Johnson & Johnson', 3);
insert into Vaccinations (MedicareCardNumber, Date, Type, DoseNumber) values ('eldl00129280', '2022-08-08', 'Moderna', 4);
insert into Vaccinations (MedicareCardNumber, Date, Type, DoseNumber) values ('capc26072389', '2021-05-04', 'AstraZeneca', 2);
insert into Vaccinations (MedicareCardNumber, Date, Type, DoseNumber) values ('ddrh96552495', '2021-02-19', 'Moderna', 1);
insert into Vaccinations (MedicareCardNumber, Date, Type, DoseNumber) values ('dwsa97105984', '2022-08-15', 'Moderna', 1);
