INSERT INTO Ministries (MinistryID, Name) VALUES
(1, 'Ministry of Education - Alberta'),
(2, 'Ministry of Education - British Columbia'),
(3, 'Ministry of Education - Manitoba'),
(4, 'Ministry of Education - New Brunswick'),
(5, 'Ministry of Education - Newfoundland and Labrador'),
(6, 'Ministry of Education - Nova Scotia'),
(7, 'Ministry of Education - Ontario'),
(8, 'Ministry of Education - Prince Edward Island'),
(9, 'Ministry of Education - Quebec'),
(10, 'Ministry of Education - Saskatchewan');

insert into Addresses_Facilities (PostalCode, Province, Address, City) values 
('b3o-7w7', 'Quebec', '39220 Weeping Birch Road', 'Quebec'),
('k3x-5f4', 'Quebec', '7 Judy Plaza', 'Montreal'),
('p6w-2h6', 'Quebec', '8 Swallow Place', 'Laval'),
('g7r-6f9', 'Quebec', '937 Derek Road', 'Montreal'),
('c0t-4s0', 'Quebec', '3518 Swallow Place', 'Quebec'),
('z7c-8l9', 'Quebec', '9368 Algoma Drive', 'Montreal'),
('m1g-9k1', 'Quebec', '46103 Claremont Road', 'Laval'),
('i1m-8t5', 'Quebec', '07 Goodland Point', 'Montreal'),
('c1y-1q6', 'Quebec', '0220 Center Road', 'Laval'),
('h2y-4t4', 'Quebec', '31 Dakota Avenue', 'Laval'),
('r4g-1e4', 'Quebec', '22049 Rowland Circle', 'Quebec'),
('a6y-9a5', 'Quebec', '043 David Pass', 'Quebec'),
('s8i-5w3', 'Quebec', '313 Helena Pass', 'Montreal'),
('a8e-0u4', 'Quebec', '5562 Debs Trail', 'Montreal'),
('d5j-7u8', 'Quebec', '4 Paget Drive', 'Laval'),
('i9i-2g6', 'Quebec', '3721 Menomonie Trail', 'Quebec'),
('f8l-2w5', 'Quebec', '6759 Florence Parkway', 'Montreal'),
('w1q-6p5', 'Quebec', '3 Graceland Park', 'Laval'),
('y7e-3a7', 'Quebec', '9703 Dottie Drive', 'Laval'),
('s1p-3n2', 'Quebec', '91555 Independence Parkway', 'Laval'),
('h7q-6l4', 'Quebec', '56186 Jana Avenue', 'Montreal'),
('u6y-3h0', 'Quebec', '30178 Graceland Road', 'Quebec'),
('a5w-8p4', 'Quebec', '65 Grim Hill', 'Laval'),
('n3i-7q5', 'Quebec', '7 Westend Point', 'Quebec'),
('s1e-7c9', 'Quebec', '335 Katie Center', 'Laval'),
('r5o-5a2', 'Quebec', '41 Arkansas Alley', 'Quebec'),
('p8b-7h2', 'Quebec', '7341 Schmedeman Alley', 'Quebec'),
('f4t-1n8', 'Quebec', '6 Anzinger Hill', 'Quebec'),
('l5u-1l9', 'Quebec', '6 American Place', 'Laval'),
('p8q-0z7', 'Quebec', '1 Memorial Crossing', 'Laval');


insert into Addresses_Persons (PostalCode, Province, Address, City) values 
('b3o-7w7', 'Quebec', '39220 Weeping Birch Road', 'Quebec'),
('k3x-5f4', 'Quebec', '7 Judy Plaza', 'Montreal'),
('p6w-2h6', 'Quebec', '8 Swallow Place', 'Laval'),
('g7r-6f9', 'Quebec', '937 Derek Road', 'Montreal'),
('c0t-4s0', 'Quebec', '3518 Swallow Place', 'Quebec'),
('z7c-8l9', 'Quebec', '9368 Algoma Drive', 'Montreal'),
('m1g-9k1', 'Quebec', '46103 Claremont Road', 'Laval'),
('i1m-8t5', 'Quebec', '07 Goodland Point', 'Montreal'),
('c1y-1q6', 'Quebec', '0220 Center Road', 'Laval'),
('h2y-4t4', 'Quebec', '31 Dakota Avenue', 'Laval'),
('r4g-1e4', 'Quebec', '22049 Rowland Circle', 'Quebec'),
('a6y-9a5', 'Quebec', '043 David Pass', 'Quebec'),
('s8i-5w3', 'Quebec', '313 Helena Pass', 'Montreal'),
('a8e-0u4', 'Quebec', '5562 Debs Trail', 'Montreal'),
('d5j-7u8', 'Quebec', '4 Paget Drive', 'Laval'),
('i9i-2g6', 'Quebec', '3721 Menomonie Trail', 'Quebec'),
('f8l-2w5', 'Quebec', '6759 Florence Parkway', 'Montreal'),
('w1q-6p5', 'Quebec', '3 Graceland Park', 'Laval'),
('y7e-3a7', 'Quebec', '9703 Dottie Drive', 'Laval'),
('s1p-3n2', 'Quebec', '91555 Independence Parkway', 'Laval'),
('h7q-6l4', 'Quebec', '56186 Jana Avenue', 'Montreal'),
('u6y-3h0', 'Quebec', '30178 Graceland Road', 'Quebec'),
('a5w-8p4', 'Quebec', '65 Grim Hill', 'Laval'),
('n3i-7q5', 'Quebec', '7 Westend Point', 'Quebec'),
('s1e-7c9', 'Quebec', '335 Katie Center', 'Laval'),
('r5o-5a2', 'Quebec', '41 Arkansas Alley', 'Quebec'),
('p8b-7h2', 'Quebec', '7341 Schmedeman Alley', 'Quebec'),
('f4t-1n8', 'Quebec', '6 Anzinger Hill', 'Quebec'),
('l5u-1l9', 'Quebec', '6 American Place', 'Laval'),
('p8q-0z7', 'Quebec', '1 Memorial Crossing', 'Laval'),
('h9m-2n8', 'Quebec', '04 Clyde Gallagher Center', 'Montreal'),
('t5i-8r1', 'Quebec', '7 Harper Park', 'Montreal'),
('s5d-5q3', 'Quebec', '42 Pennsylvania Park', 'Montreal'),
('x8y-4a7', 'Quebec', '8 Stang Trail', 'Quebec'),
('m0u-9z3', 'Quebec', '2058 Fuller Street', 'Montreal'),
('b0w-7l6', 'Quebec', '81 Lerdahl Terrace', 'Laval'),
('a4w-9g9', 'Quebec', '00 Calypso Pass', 'Laval'),
('h2s-9z5', 'Quebec', '648 Heath Place', 'Montreal'),
('h0p-6b6', 'Quebec', '27 Schurz Circle', 'Quebec'),
('l9y-5k8', 'Quebec', '0 Rockefeller Pass', 'Quebec'),
('m0g-8h8', 'Quebec', '689 Monica Drive', 'Laval'),
('l0p-8y9', 'Quebec', '0 Coleman Alley', 'Quebec'),
('j2u-3w8', 'Quebec', '5001 Jay Plaza', 'Laval'),
('q9g-6l5', 'Quebec', '46524 Straubel Point', 'Laval'),
('n4w-1q1', 'Quebec', '317 Farwell Park', 'Laval'),
('i0u-1e0', 'Quebec', '33680 Raven Drive', 'Montreal'),
('o1a-7j0', 'Quebec', '249 Ridgeway Road', 'Laval'),
('m1s-7o3', 'Quebec', '29504 Marquette Center', 'Montreal'),
('s4q-5n5', 'Quebec', '3 Spaight Avenue', 'Montreal'),
('r9f-0z5', 'Quebec', '528 Schurz Road', 'Quebec'),
('n8h-7s1', 'Quebec', '3 Moose Trail', 'Laval'),
('w3t-3x1', 'Quebec', '3876 Luster Court', 'Quebec'),
('n9f-6m5', 'Quebec', '9 Donald Road', 'Quebec'),
('p3a-9s7', 'Quebec', '3 Spaight Terrace', 'Laval'),
('m1h-7c1', 'Quebec', '75503 Jay Drive', 'Quebec'),
('y4i-6w7', 'Quebec', '37 Dahle Park', 'Montreal'),
('f8q-3r7', 'Quebec', '3 Menomonie Park', 'Montreal'),
('c9v-7x5', 'Quebec', '56190 Northport Junction', 'Laval'),
('k1a-1q9', 'Quebec', '37 Gina Circle', 'Montreal'),
('l3b-7u1', 'Quebec', '3 Beilfuss Hill', 'Laval'),
('u1i-6j1', 'Quebec', '783 Butterfield Alley', 'Montreal'),
('h4p-3k4', 'Quebec', '08153 Ridgeway Drive', 'Quebec'),
('a3x-4b8', 'Quebec', '4 Lighthouse Bay Alley', 'Montreal'),
('f2p-3v9', 'Quebec', '07 School Alley', 'Quebec'),
('s3d-3i2', 'Quebec', '3 American Ash Plaza', 'Laval'),
('e6s-3l8', 'Quebec', '6 Mendota Terrace', 'Montreal'),
('q3g-0a1', 'Quebec', '43 Westend Circle', 'Montreal'),
('x5t-3a2', 'Quebec', '20093 Stone Corner Alley', 'Quebec'),
('f4q-8s5', 'Quebec', '4 Alpine Avenue', 'Laval'),
('j4u-7v6', 'Quebec', '555 Carpenter Road', 'Quebec'),
('e9v-4u9', 'Quebec', '14 Ronald Regan Center', 'Quebec'),
('v4l-9g5', 'Quebec', '7 Pawling Road', 'Laval'),
('o7d-8g7', 'Quebec', '18634 Mallory Lane', 'Laval'),
('d1i-4k1', 'Quebec', '8 Rieder Parkway', 'Montreal'),
('x7h-6i8', 'Quebec', '9604 Clove Trail', 'Laval'),
('a9c-1p1', 'Quebec', '982 Butterfield Park', 'Montreal'),
('s9b-2b4', 'Quebec', '25439 Saint Paul Alley', 'Montreal'),
('z7b-2y7', 'Quebec', '7008 Debs Lane', 'Quebec'),
('x2t-6i0', 'Quebec', '8445 Armistice Terrace', 'Laval'),
('w3v-7x0', 'Quebec', '668 Nevada Way', 'Quebec'),
('e1y-6q5', 'Quebec', '34 Ridgeway Park', 'Montreal'),
('r3u-0z9', 'Quebec', '4179 Schlimgen Terrace', 'Laval'),
('n2y-2s6', 'Quebec', '654 Sunfield Hill', 'Montreal'),
('r9h-7g5', 'Quebec', '39 Di Loreto Junction', 'Quebec'),
('g8m-6g5', 'Quebec', '4125 Hayes Trail', 'Laval'),
('r8d-2e4', 'Quebec', '3728 Hintze Parkway', 'Laval'),
('h3g-0d9', 'Quebec', '2065 Scoville Hill', 'Montreal'),
('e5g-6r4', 'Quebec', '07 Bluejay Crossing', 'Laval'),
('s9y-2t4', 'Quebec', '129 Clemons Street', 'Montreal'),
('j4t-2z3', 'Quebec', '19397 Ramsey Park', 'Laval'),
('d7l-9h9', 'Quebec', '70 Veith Trail', 'Montreal'),
('w5e-8d1', 'Quebec', '8316 Scofield Trail', 'Quebec'),
('l2g-3x7', 'Quebec', '9656 Lake View Drive', 'Laval'),
('f9s-3y1', 'Quebec', '6485 Derek Terrace', 'Laval'),
('o9t-7h7', 'Quebec', '9 Luster Drive', 'Laval'),
('l2a-3z3', 'Quebec', '48 Cambridge Lane', 'Montreal'),
('t6a-5n2', 'Quebec', '4 Prairie Rose Trail', 'Laval'),
('g5t-6t9', 'Quebec', '9 High Crossing Alley', 'Montreal'),
('s3s-8t6', 'Quebec', '8519 Kenwood Plaza', 'Quebec'),
('q0u-3p5', 'Quebec', '6 Graedel Drive', 'Laval'),
('z3y-7h3', 'Quebec', '7 Crowley Avenue', 'Laval'),
('c5f-0p3', 'Quebec', '09745 5th Junction', 'Laval'),
('n5h-8a5', 'Quebec', '11 Bartillon Place', 'Laval'),
('t2n-0u3', 'Quebec', '35 Mcguire Way', 'Quebec'),
('j0r-8j3', 'Quebec', '4 Fuller Court', 'Montreal'),
('g9e-6f9', 'Quebec', '2 East Drive', 'Montreal'),
('p4j-3c5', 'Quebec', '05 Hazelcrest Center', 'Montreal'),
('b2z-6n0', 'Quebec', '398 Chinook Alley', 'Quebec'),
('t6n-5t1', 'Quebec', '69834 Dunning Court', 'Laval'),
('y3o-5r7', 'Quebec', '85948 Veith Avenue', 'Quebec'),
('k2z-2t0', 'Quebec', '5424 Corscot Drive', 'Montreal'),
('a8m-0j3', 'Quebec', '01 Tony Alley', 'Montreal'),
('g3d-4f9', 'Quebec', '1724 Clove Road', 'Montreal'),
('c2x-2m8', 'Quebec', '33528 Calypso Court', 'Quebec'),
('r2h-5y0', 'Quebec', '52276 Bonner Center', 'Montreal'),
('e2k-8p2', 'Quebec', '2744 Village Green Way', 'Quebec'),
('e3f-6b1', 'Quebec', '82415 Anniversary Pass', 'Quebec'),
('d4n-8n1', 'Quebec', '76570 3rd Lane', 'Quebec'),
('t8q-9k2', 'Quebec', '8161 Drewry Street', 'Montreal'),
('d5e-9d6', 'Quebec', '2867 Warrior Park', 'Montreal'),
('j0d-2b1', 'Quebec', '8278 Reinke Court', 'Quebec'),
('b1s-6m8', 'Quebec', '7455 Center Crossing', 'Montreal'),
('q5e-9c7', 'Quebec', '9 Bunting Court', 'Montreal'),
('z6y-0m1', 'Quebec', '049 Lukken Crossing', 'Montreal'),
('r7f-6o2', 'Quebec', '5 Longview Park', 'Montreal'),
('h0v-8r4', 'Quebec', '277 Stoughton Terrace', 'Quebec'),
('a8o-3h5', 'Quebec', '35074 Dapin Pass', 'Quebec'),
('a4t-1q7', 'Quebec', '8 Kropf Alley', 'Montreal'),
('s4d-5b6', 'Quebec', '369 Sundown Pass', 'Laval'),
('x9v-5i8', 'Quebec', '389 Continental Court', 'Montreal'),
('p3f-9g3', 'Quebec', '850 3rd Park', 'Quebec'),
('k8m-4w2', 'Quebec', '669 Lerdahl Parkway', 'Laval'),
('d8w-8m9', 'Quebec', '42526 Hudson Pass', 'Laval'),
('b5e-4q7', 'Quebec', '86509 Esch Road', 'Montreal'),
('d9p-2d4', 'Quebec', '68 Anhalt Place', 'Laval'),
('c7k-8d1', 'Quebec', '35 Kennedy Lane', 'Montreal'),
('w4n-1z2', 'Quebec', '3 Messerschmidt Plaza', 'Montreal'),
('a7n-3s9', 'Quebec', '7959 Vermont Crossing', 'Montreal'),
('t7h-8j5', 'Quebec', '580 Warrior Circle', 'Laval'),
('x1u-6h4', 'Quebec', '6 Ridge Oak Hill', 'Laval'),
('u5e-2j1', 'Quebec', '56 Duke Avenue', 'Laval'),
('j2b-6n1', 'Quebec', '0 Sunnyside Street', 'Quebec'),
('g0g-2n8', 'Quebec', '82 Mayfield Drive', 'Montreal'),
('r5f-9u7', 'Quebec', '522 Valley Edge Circle', 'Quebec'),
('h8y-3x4', 'Quebec', '440 School Road', 'Quebec'),
('q4i-5m3', 'Quebec', '2433 Shelley Plaza', 'Quebec'),
('u4d-3y2', 'Quebec', '1139 Fair Oaks Place', 'Laval'),
('s5d-3z8', 'Quebec', '44 Harbort Court', 'Montreal'),
('l9x-4s5', 'Quebec', '0 Pierstorff Avenue', 'Quebec'),
('q1d-2n1', 'Quebec', '46987 Mayfield Park', 'Laval'),
('i5n-2k0', 'Quebec', '08 Harper Park', 'Quebec'),
('o7r-6q1', 'Quebec', '517 Fallview Lane', 'Quebec'),
('y2h-6c6', 'Quebec', '934 Bashford Plaza', 'Laval'),
('p2s-3o3', 'Quebec', '69 Stone Corner Center', 'Montreal'),
('p7a-3n1', 'Quebec', '9 Lighthouse Bay Road', 'Montreal'),
('b9a-2h6', 'Quebec', '6 Hayes Park', 'Laval'),
('v4p-3s3', 'Quebec', '8527 Westport Street', 'Quebec'),
('j1c-0g9', 'Quebec', '58186 Trailsway Street', 'Quebec'),
('d8v-2r6', 'Quebec', '30532 Forster Parkway', 'Quebec'),
('r2p-9b8', 'Quebec', '1007 Oneill Circle', 'Quebec'),
('z2e-6v9', 'Quebec', '356 Grover Park', 'Quebec'),
('k1g-6f1', 'Quebec', '61 Sutteridge Place', 'Laval'),
('t7v-2x1', 'Quebec', '1 Schurz Center', 'Laval'),
('z9t-1w5', 'Quebec', '14 Transport Terrace', 'Quebec'),
('m5b-5h8', 'Quebec', '3027 Pepper Wood Pass', 'Laval'),
('d5r-1y2', 'Quebec', '22966 Randy Point', 'Montreal'),
('k6j-1n9', 'Quebec', '4 Portage Alley', 'Laval'),
('h3w-6m0', 'Quebec', '882 Karstens Park', 'Montreal'),
('a4j-4h7', 'Quebec', '33901 Hooker Drive', 'Laval'),
('d2z-5p9', 'Quebec', '340 Forster Street', 'Montreal'),
('b4j-0k5', 'Quebec', '699 Scofield Way', 'Laval'),
('m9f-2j6', 'Quebec', '3727 Gateway Point', 'Laval'),
('r5f-7u5', 'Quebec', '225 Fairview Parkway', 'Quebec'),
('g1l-3r8', 'Quebec', '7 Brentwood Avenue', 'Quebec'),
('l9z-6f4', 'Quebec', '9328 Tennessee Place', 'Montreal'),
('n6v-6z6', 'Quebec', '56 Mallory Parkway', 'Montreal'),
('n9q-2f8', 'Quebec', '1 Chive Hill', 'Laval'),
('i8h-3f9', 'Quebec', '2 Meadow Vale Road', 'Laval'),
('w2x-2g1', 'Quebec', '42 Pleasure Way', 'Quebec'),
('y7y-3e2', 'Quebec', '331 Daystar Place', 'Laval'),
('i9s-2u2', 'Quebec', '7530 Prairieview Road', 'Montreal'),
('k1k-8e4', 'Quebec', '66 Annamark Hill', 'Montreal'),
('w8u-6n0', 'Quebec', '2723 Cottonwood Park', 'Quebec'),
('w7i-3t6', 'Quebec', '4 Sachtjen Pass', 'Laval'),
('c5s-8q3', 'Quebec', '6398 Corben Terrace', 'Montreal'),
('x8z-8w7', 'Quebec', '9 Talmadge Place', 'Laval'),
('i8c-0z6', 'Quebec', '439 Dorton Trail', 'Montreal'),
('a7i-7r7', 'Quebec', '45 Old Gate Place', 'Quebec'),
('b1a-2x6', 'Quebec', '781 Longview Alley', 'Quebec'),
('c4r-0q5', 'Quebec', '54 Stuart Avenue', 'Quebec'),
('j1f-1q5', 'Quebec', '48292 Shoshone Drive', 'Laval'),
('i3w-7o5', 'Quebec', '45901 Sutteridge Point', 'Quebec'),
('s6p-0i7', 'Quebec', '1272 New Castle Avenue', 'Quebec'),
('f2w-1x2', 'Quebec', '335 Hudson Crossing', 'Laval'),
('x7y-7n8', 'Quebec', '2 Cambridge Center', 'Montreal'),
('w6b-0q8', 'Quebec', '0215 Westridge Avenue', 'Laval'),
('u0r-1q0', 'Quebec', '295 Hagan Junction', 'Laval'),
('x9r-4d3', 'Quebec', '5869 Talmadge Center', 'Quebec'),
('b5p-6p4', 'Quebec', '856 Hanson Crossing', 'Quebec'),
('w7q-9m6', 'Quebec', '858 Crownhardt Place', 'Montreal');



insert into Persons (MedicareCardNumber, FirstName, LastName, MedicareExpiryDate, DateOfBirth, TelephoneNumber, Citizenship, PostalCode, EmailAddress) values 
('ihdp30946666', 'Lil', 'Ravenscroftt', '2032-05-21', '1976-09-26', '552-602-1164', 'Canadian', 'w7q-9m6', 'lravenscroftt5j@paginegialle.it'),
('chnb68073157', 'Alberik', 'Bourthouloume', '2029-06-10', '2007-05-13', '712-769-8840', 'Canadian', 'b3o-7w7', 'abourthouloume0@ebay.co.uk'),
('ddrh96552495', 'Chantalle', 'Fellona', '2032-10-05', '1987-10-19', '359-205-8957', 'Canadian', 'k3x-5f4', 'cfellona1@jalbum.net'),
('sonr94506633', 'Isahella', 'Daddow', '2025-04-11', '2003-08-14', '765-703-7692', 'Canadian', 'p6w-2h6', 'idaddow2@liveinternet.ru'),
('socq52922660', 'Julia', 'Roylance', '2026-04-26', '1977-04-22', '319-888-3365', 'Canadian', 'g7r-6f9', 'jroylance3@miibeian.gov.cn'),
('tscn83047436', 'Robena', 'Moggach', '2031-01-29', '1985-03-06', '408-729-0786', 'Canadian', 'c0t-4s0', 'rmoggach4@about.com'),
('pzih79804641', 'Dee dee', 'Hubbuck', '2032-08-27', '1999-09-09', '239-469-8075', 'Canadian', 'z7c-8l9', 'dhubbuck5@geocities.jp'),
('udzr21294375', 'Lou', 'Livesey', '2032-08-12', '1982-04-04', '809-815-0671', 'Canadian', 'm1g-9k1', 'llivesey6@360.cn'),
('cwmx16384442', 'Addy', 'Hadlington', '2025-07-07', '1986-11-26', '907-898-9517', 'Canadian', 'i1m-8t5', 'ahadlington7@rediff.com'),
('zeqg99658583', 'Ramonda', 'Birkbeck', '2030-06-01', '1976-12-10', '424-954-0940', 'Canadian', 'c1y-1q6', 'rbirkbeck8@hubpages.com'),
('atks99812156', 'Muffin', 'Skottle', '2028-11-08', '2004-07-22', '200-168-7222', 'Canadian', 'h2y-4t4', 'mskottle9@issuu.com'),
('qclf54693559', 'Jedidiah', 'Baigent', '2032-03-24', '1992-08-03', '284-590-1301', 'Canadian', 'r4g-1e4', 'jbaigenta@w3.org'),
('tjpb75240802', 'Malva', 'Dur', '2029-01-07', '1978-05-14', '183-358-6657', 'Canadian', 'a6y-9a5', 'mdurb@thetimes.co.uk'),
('mufn13946729', 'Domeniga', 'Jestico', '2028-11-25', '2002-12-27', '271-596-0229', 'Canadian', 's8i-5w3', 'djesticoc@mediafire.com'),
('jcqj36587505', 'Emmeline', 'Peddar', '2027-11-28', '1999-04-26', '662-994-8175', 'Canadian', 'a8e-0u4', 'epeddard@umich.edu'),
('eldl00129280', 'Wally', 'Flegg', '2030-03-20', '2008-11-22', '343-336-5289', 'Canadian', 'd5j-7u8', 'wflegge@com.com'),
('mlus32550800', 'Delmer', 'Calrow', '2032-06-09', '1976-06-12', '467-484-5198', 'Canadian', 'i9i-2g6', 'dcalrowf@ebay.com'),
('qsep60324290', 'Feliza', 'Joret', '2032-03-08', '1993-04-28', '668-832-3406', 'Canadian', 'f8l-2w5', 'fjoretg@usgs.gov'),
('eiax15101277', 'Aguistin', 'Lepard', '2028-03-17', '2006-04-16', '596-747-1004', 'Canadian', 'w1q-6p5', 'alepardh@ibm.com'),
('fmft30539826', 'Hurley', 'Gipp', '2030-10-16', '1978-03-14', '994-445-8303', 'Canadian', 'y7e-3a7', 'hgippi@sitemeter.com'),
('zdek42000873', 'Evangelina', 'Willgress', '2024-12-20', '1993-08-19', '122-556-2739', 'Canadian', 's1p-3n2', 'ewillgressj@unicef.org'),
('bzbk46547836', 'Terencio', 'Elby', '2032-07-24', '1993-08-25', '186-768-4550', 'Canadian', 'h7q-6l4', 'telbyk@home.pl'),
('nyxu85611817', 'Clarine', 'Bradnock', '2028-02-17', '2003-01-27', '604-730-1610', 'Canadian', 'u6y-3h0', 'cbradnockl@soup.io'),
('pczm46837052', 'Letizia', 'Bossingham', '2032-10-09', '1990-07-09', '545-404-2526', 'Canadian', 'a5w-8p4', 'lbossinghamm@webmd.com'),
('enny56422592', 'Blayne', 'O''Heffernan', '2027-04-10', '1986-09-15', '798-511-2660', 'Canadian', 'n3i-7q5', 'boheffernann@lulu.com'),
('ywsc02075548', 'Adolphus', 'Strond', '2029-11-07', '1987-06-02', '212-366-6705', 'Canadian', 's1e-7c9', 'astrondo@bloomberg.com'),
('dpzw63877238', 'Stephana', 'Fort', '2029-04-24', '2007-02-03', '505-197-9780', 'Canadian', 'r5o-5a2', 'sfortp@aol.com'),
('fdlo28652111', 'Christoper', 'Buxy', '2025-01-04', '2003-12-26', '425-817-3000', 'Canadian', 'p8b-7h2', 'cbuxyq@census.gov'),
('megp37616198', 'Romola', 'Rodder', '2031-03-23', '1978-12-31', '153-244-7796', 'Canadian', 'f4t-1n8', 'rrodderr@sphinn.com'),
('owae00457175', 'Guy', 'Champken', '2025-05-17', '1987-02-18', '455-487-5578', 'Canadian', 'l5u-1l9', 'gchampkens@noaa.gov'),
('vyzn02541021', 'Mikaela', 'Mailes', '2028-02-11', '1978-05-23', '825-760-7866', 'Canadian', 'p8q-0z7', 'mmailest@rakuten.co.jp'),
('vldh66815198', 'Joyce', 'Shaudfurth', '2027-01-21', '2008-09-23', '848-984-4719', 'Canadian', 'h9m-2n8', 'jshaudfurthu@ow.ly'),
('cqro21400322', 'Rodolph', 'Woolfall', '2026-11-08', '1976-12-17', '308-801-7659', 'Canadian', 't5i-8r1', 'rwoolfallv@tmall.com'),
('bkly08244132', 'Vivyan', 'Mangeon', '2030-11-23', '1986-06-25', '600-646-2847', 'Canadian', 's5d-5q3', 'vmangeonw@tinypic.com'),
('bprq62852530', 'Cosimo', 'Newick', '2030-09-12', '1988-09-02', '199-996-0221', 'Canadian', 'x8y-4a7', 'cnewickx@opensource.org'),
('lhsu88256858', 'Ruthy', 'Radbond', '2029-09-05', '1976-04-28', '655-521-0738', 'Canadian', 'm0u-9z3', 'rradbondy@blogspot.com'),
('uqyb64093330', 'Wakefield', 'Woodwing', '2032-06-26', '1985-03-09', '820-828-9326', 'Canadian', 'b0w-7l6', 'wwoodwingz@furl.net'),
('gpve73328248', 'Thom', 'Serchwell', '2031-06-27', '1989-10-23', '361-933-0235', 'Canadian', 'a4w-9g9', 'tserchwell10@tumblr.com'),
('psnr24406771', 'Camille', 'Peron', '2033-04-03', '2008-12-10', '845-435-6768', 'Canadian', 'h2s-9z5', 'cperon11@printfriendly.com'),
('ekmg52328361', 'Isadora', 'Grinnell', '2032-11-17', '1991-07-08', '959-121-5271', 'Canadian', 'h0p-6b6', 'igrinnell12@blogspot.com'),
('nixe31972681', 'Corny', 'Linstead', '2032-01-29', '2003-10-01', '415-368-3450', 'Canadian', 'l9y-5k8', 'clinstead13@feedburner.com'),
('kbpu30268596', 'Sofie', 'Chitty', '2026-08-03', '1981-10-03', '704-337-3333', 'Canadian', 'm0g-8h8', 'schitty14@blog.com'),
('gcpd29713356', 'Gualterio', 'Dowears', '2026-09-23', '1991-12-17', '671-489-3282', 'Canadian', 'l0p-8y9', 'gdowears15@vk.com'),
('ygos53720461', 'Elsworth', 'Crayden', '2031-03-19', '1991-06-30', '739-794-9866', 'Canadian', 'j2u-3w8', 'ecrayden16@harvard.edu'),
('hfse43060169', 'Rozanna', 'Spohr', '2026-03-05', '1989-08-31', '575-167-2494', 'Canadian', 'q9g-6l5', 'rspohr17@freewebs.com'),
('imab26398970', 'Barbabra', 'Rosewall', '2030-09-09', '2002-06-26', '906-342-2718', 'Canadian', 'n4w-1q1', 'brosewall18@sogou.com'),
('jhfa32130886', 'Erroll', 'Rapi', '2031-07-10', '1989-04-17', '133-656-3884', 'Canadian', 'i0u-1e0', 'erapi19@jigsy.com'),
('xuca53771633', 'Patty', 'Fairfoot', '2031-11-14', '1990-07-03', '829-886-2107', 'Canadian', 'o1a-7j0', 'pfairfoot1a@theglobeandmail.com'),
('ralg02129113', 'Nadia', 'Howison', '2033-04-13', '1991-10-27', '714-686-8572', 'Canadian', 'm1s-7o3', 'nhowison1b@youku.com'),
('yrfp18569080', 'Spence', 'Ewbanks', '2030-04-11', '2007-04-24', '779-526-3070', 'Canadian', 's4q-5n5', 'sewbanks1c@constantcontact.com'),
('wruy16143565', 'Lon', 'Stannett', '2026-12-07', '1981-02-12', '366-755-7661', 'Canadian', 'r9f-0z5', 'lstannett1d@theglobeandmail.com'),
('bvmf04864173', 'Gratiana', 'Brereton', '2025-06-25', '1996-08-01', '877-150-8154', 'Canadian', 'n8h-7s1', 'gbrereton1e@technorati.com'),
('capc26072389', 'Naomi', 'Menaul', '2025-07-03', '1989-09-20', '816-531-3820', 'Canadian', 'w3t-3x1', 'nmenaul1f@alexa.com'),
('eelc32041277', 'Illa', 'Marklew', '2030-12-31', '2005-01-09', '623-867-7904', 'Canadian', 'n9f-6m5', 'imarklew1g@wisc.edu'),
('qfuh36449429', 'Rochette', 'Ellif', '2026-09-01', '1999-09-23', '294-349-5822', 'Canadian', 'p3a-9s7', 'rellif1h@time.com'),
('egek80853382', 'Edi', 'Jedrzaszkiewicz', '2028-02-11', '1990-09-17', '642-213-5070', 'Canadian', 'm1h-7c1', 'ejedrzaszkiewicz1i@51.la'),
('vhrd09594403', 'Margaret', 'Viegas', '2031-11-27', '1991-10-11', '413-453-5597', 'Canadian', 'y4i-6w7', 'mviegas1j@imgur.com'),
('lxht00591052', 'Dill', 'Van der Mark', '2025-02-28', '1979-02-27', '999-806-1717', 'Canadian', 'f8q-3r7', 'dvandermark1k@squidoo.com'),
('mqul29848145', 'Penrod', 'Ladbury', '2030-03-08', '1992-10-05', '727-808-5693', 'Canadian', 'c9v-7x5', 'pladbury1l@whitehouse.gov'),
('hkos08195390', 'Roman', 'Elvidge', '2025-09-24', '2002-06-21', '336-248-6611', 'Canadian', 'k1a-1q9', 'relvidge1m@blinklist.com'),
('gizc27512732', 'Malvin', 'Durtnall', '2028-11-23', '1985-05-29', '656-111-6036', 'Canadian', 'l3b-7u1', 'mdurtnall1n@360.cn'),
('emge34254207', 'Godart', 'Ratt', '2026-07-22', '2010-05-07', '813-178-6416', 'Canadian', 'u1i-6j1', 'gratt1o@salon.com'),
('tcnf16204183', 'Prentiss', 'Tregea', '2028-09-13', '2005-10-30', '402-811-4654', 'Canadian', 'h4p-3k4', 'ptregea1p@google.com.au'),
('hjye68751628', 'Wynn', 'Eilhersen', '2028-01-26', '1979-09-22', '494-279-3586', 'Canadian', 'a3x-4b8', 'weilhersen1q@wufoo.com'),
('jhkf86218417', 'Luz', 'Barbier', '2026-01-15', '1991-12-27', '954-780-2002', 'Canadian', 'f2p-3v9', 'lbarbier1r@admin.ch'),
('xhxy87004970', 'Giffy', 'Livens', '2026-05-02', '1983-05-01', '238-254-2676', 'Canadian', 's3d-3i2', 'glivens1s@fotki.com'),
('rwjh24116649', 'Valle', 'Blaxill', '2031-01-03', '1984-09-17', '388-300-2478', 'Canadian', 'e6s-3l8', 'vblaxill1t@plala.or.jp'),
('qusm42314138', 'Bellanca', 'Bulmer', '2031-03-12', '1980-05-05', '689-722-2603', 'Canadian', 'q3g-0a1', 'bbulmer1u@elpais.com'),
('jjfq23871528', 'Garvey', 'Bouchard', '2031-06-17', '1986-05-16', '909-433-7783', 'Canadian', 'x5t-3a2', 'gbouchard1v@myspace.com'),
('psbf68888047', 'Christan', 'Paulitschke', '2024-12-04', '2000-08-29', '444-384-8921', 'Canadian', 'f4q-8s5', 'cpaulitschke1w@ehow.com'),
('lryt26472999', 'Nollie', 'Botham', '2031-07-07', '1976-09-09', '435-130-0263', 'Canadian', 'j4u-7v6', 'nbotham1x@github.com'),
('pylw96019050', 'Fleurette', 'Gladdin', '2029-06-14', '1996-11-06', '544-423-6607', 'Canadian', 'e9v-4u9', 'fgladdin1y@google.ca'),
('fmvc80218553', 'Georgiana', 'Allain', '2026-10-12', '1994-07-21', '457-715-8735', 'Canadian', 'v4l-9g5', 'gallain1z@163.com'),
('wtpf09744672', 'Terry', 'Bucke', '2031-11-04', '2000-06-26', '819-348-7791', 'Canadian', 'o7d-8g7', 'tbucke20@businessinsider.com'),
('swdq22036839', 'Meier', 'Mankor', '2029-10-04', '1992-10-15', '994-419-8540', 'Canadian', 'd1i-4k1', 'mmankor21@virginia.edu'),
('ptym02499681', 'Archaimbaud', 'Stonhewer', '2026-08-19', '1998-08-08', '299-645-3034', 'Canadian', 'x7h-6i8', 'astonhewer22@yahoo.com'),
('zazb04625227', 'Joelynn', 'Astupenas', '2028-07-26', '1987-09-15', '613-193-0768', 'Canadian', 'a9c-1p1', 'jastupenas23@fda.gov'),
('gnvw66226509', 'Travus', 'Bishop', '2029-10-01', '2007-11-09', '215-378-8277', 'Canadian', 's9b-2b4', 'tbishop24@t.co'),
('qwyp40848888', 'Freddie', 'Bracken', '2029-07-29', '1989-07-30', '357-204-1130', 'Canadian', 'z7b-2y7', 'fbracken25@vistaprint.com'),
('mmbj21491450', 'Remington', 'Blackah', '2027-09-28', '1996-02-04', '931-618-0675', 'Canadian', 'x2t-6i0', 'rblackah26@privacy.gov.au'),
('dxkf79246024', 'Hyman', 'Spaughton', '2028-09-18', '1983-07-25', '504-689-1979', 'Canadian', 'w3v-7x0', 'hspaughton27@shareasale.com'),
('cjmv60245894', 'Gale', 'Woolens', '2025-10-22', '1989-04-18', '191-615-0405', 'Canadian', 'e1y-6q5', 'gwoolens28@indiatimes.com'),
('fflo43130116', 'Mahmoud', 'Dunlea', '2024-12-30', '1983-01-19', '330-956-1852', 'Canadian', 'r3u-0z9', 'mdunlea29@amazon.co.jp'),
('neno54514142', 'Bill', 'Wyne', '2028-07-20', '1978-04-08', '588-200-8873', 'Canadian', 'n2y-2s6', 'bwyne2a@51.la'),
('lgey27382514', 'Doug', 'Polland', '2028-12-05', '1992-08-28', '856-119-2815', 'Canadian', 'r9h-7g5', 'dpolland2b@networksolutions.com'),
('rioe89352575', 'Florenza', 'Snelgrove', '2024-12-28', '1991-10-26', '129-518-6754', 'Canadian', 'g8m-6g5', 'fsnelgrove2c@shinystat.com'),
('vwry25573289', 'Iolande', 'Larive', '2031-01-05', '1996-11-03', '135-994-2486', 'Canadian', 'r8d-2e4', 'ilarive2d@freewebs.com'),
('gdfm09523270', 'Jeth', 'Nock', '2028-04-30', '1982-09-11', '440-624-8463', 'Canadian', 'h3g-0d9', 'jnock2e@liveinternet.ru'),
('tysa65788909', 'Kathryne', 'Fludder', '2033-07-30', '2009-02-04', '465-833-5213', 'Canadian', 'e5g-6r4', 'kfludder2f@omniture.com'),
('pcbi82346648', 'Alverta', 'Eaglesham', '2027-11-06', '2010-07-11', '518-154-4729', 'Canadian', 's9y-2t4', 'aeaglesham2g@a8.net'),
('ofxh62384749', 'Ofilia', 'Binestead', '2030-04-18', '2004-05-13', '604-111-7970', 'Canadian', 'j4t-2z3', 'obinestead2h@uol.com.br'),
('sxga74866857', 'Ellis', 'Burgyn', '2027-12-01', '1980-09-15', '398-720-9861', 'Canadian', 'd7l-9h9', 'eburgyn2i@foxnews.com'),
('xrug14464864', 'Brandtr', 'Leader', '2027-12-28', '2001-05-10', '603-301-1037', 'Canadian', 'w5e-8d1', 'bleader2j@flickr.com'),
('nxrv84271244', 'Adolphus', 'Baraja', '2026-08-08', '2008-10-16', '117-723-3495', 'Canadian', 'l2g-3x7', 'abaraja2k@miitbeian.gov.cn'),
('ypwn67880138', 'Sam', 'Cabrer', '2025-07-06', '2003-10-03', '367-698-5113', 'Canadian', 'f9s-3y1', 'scabrer2l@npr.org'),
('rutm38908574', 'Marieann', 'McCartney', '2029-10-17', '1994-04-15', '735-146-0013', 'Canadian', 'o9t-7h7', 'mmccartney2m@yahoo.com'),
('txbh03887025', 'Gale', 'O''Scandall', '2027-10-18', '1981-06-08', '660-762-9373', 'Canadian', 'l2a-3z3', 'goscandall2n@mapquest.com'),
('jevl40904934', 'Modesta', 'Klimentyonok', '2030-03-03', '2007-10-21', '211-366-0921', 'Canadian', 't6a-5n2', 'mklimentyonok2o@drupal.org'),
('wgcf20915276', 'Kalindi', 'Moir', '2026-08-04', '1983-05-02', '112-567-5552', 'Canadian', 'g5t-6t9', 'kmoir2p@clickbank.net'),
('oiga45430748', 'Camel', 'Gernier', '2029-12-30', '1991-07-23', '989-408-5215', 'Canadian', 's3s-8t6', 'cgernier2q@tmall.com'),
('jnei34873512', 'Beverly', 'Hathorn', '2030-07-15', '1999-03-25', '575-823-7815', 'Canadian', 'q0u-3p5', 'bhathorn2r@hatena.ne.jp'),
('inbi07848043', 'Orly', 'Rotchell', '2032-08-18', '2006-08-07', '788-683-0377', 'Canadian', 'z3y-7h3', 'orotchell2s@wikispaces.com'),
('xldj37998130', 'Reinaldo', 'Wegman', '2028-07-10', '1985-05-13', '905-889-0719', 'Canadian', 'c5f-0p3', 'rwegman2t@prnewswire.com'),
('alji19160144', 'Carl', 'Gobell', '2029-11-09', '1983-02-23', '828-318-5358', 'Canadian', 'n5h-8a5', 'cgobell2u@nydailynews.com'),
('ntdn93645414', 'Fiorenze', 'Emmert', '2025-04-13', '1981-12-12', '796-505-2904', 'Canadian', 't2n-0u3', 'femmert2v@feedburner.com'),
('arfk63854853', 'Gardener', 'Croisier', '2027-02-07', '2005-03-04', '525-316-2814', 'Canadian', 'j0r-8j3', 'gcroisier2w@addtoany.com'),
('eewd09862766', 'Karen', 'De Ortega', '2025-07-10', '1996-02-12', '997-693-6000', 'Canadian', 'g9e-6f9', 'kdeortega2x@pinterest.com'),
('fmnr38462528', 'Dorey', 'Egalton', '2033-05-20', '2000-12-20', '847-632-4549', 'Canadian', 'p4j-3c5', 'degalton2y@topsy.com'),
('rttt98363344', 'Kermie', 'Cauthra', '2026-07-09', '1991-03-26', '556-833-8936', 'Canadian', 'b2z-6n0', 'kcauthra2z@skype.com'),
('cbav56372713', 'Cynthea', 'Hellwig', '2027-01-02', '1976-07-12', '424-287-0314', 'Canadian', 't6n-5t1', 'chellwig30@google.com.br'),
('ukfl91653042', 'Kylynn', 'Kliment', '2029-03-18', '2005-05-15', '984-911-4124', 'Canadian', 'y3o-5r7', 'kkliment31@1688.com'),
('zhsb72120820', 'Audrey', 'Mechic', '2031-11-29', '1997-11-09', '349-747-1971', 'Canadian', 'k2z-2t0', 'amechic32@homestead.com'),
('vswl85620639', 'Phyllys', 'Rodway', '2028-07-02', '1993-11-19', '769-643-1522', 'Canadian', 'a8m-0j3', 'prodway33@pbs.org'),
('oinw51730594', 'Rosamund', 'Dalgarnocht', '2025-11-30', '2007-01-18', '431-286-1376', 'Canadian', 'g3d-4f9', 'rdalgarnocht34@mail.ru'),
('wmxb79359123', 'Aggy', 'Ferres', '2027-05-20', '2004-09-09', '386-523-7016', 'Canadian', 'c2x-2m8', 'aferres35@virginia.edu'),
('sixb22790076', 'Allard', 'Olyunin', '2028-02-13', '1989-03-18', '432-591-5117', 'Canadian', 'r2h-5y0', 'aolyunin36@state.tx.us'),
('ekkh51355135', 'Bernete', 'Cutmere', '2025-08-29', '2009-01-18', '570-662-9223', 'Canadian', 'e2k-8p2', 'bcutmere37@usgs.gov'),
('hvbb04937488', 'Wilone', 'Elnor', '2025-08-29', '2000-01-01', '674-976-4986', 'Canadian', 'e3f-6b1', 'welnor38@cisco.com'),
('ycfa62422408', 'Fonsie', 'Paroni', '2030-09-09', '2009-06-10', '458-918-9574', 'Canadian', 'd4n-8n1', 'fparoni39@dot.gov'),
('rxyt38729160', 'Hollie', 'Conti', '2032-10-24', '1986-10-08', '436-718-7523', 'Canadian', 't8q-9k2', 'hconti3a@weibo.com'),
('sfnj98064680', 'Alic', 'Ivanisov', '2027-01-24', '2007-06-01', '775-562-9552', 'Canadian', 'd5e-9d6', 'aivanisov3b@dagondesign.com'),
('okpb78117732', 'Ashely', 'Cullimore', '2028-09-19', '2008-01-13', '744-835-2376', 'Canadian', 'j0d-2b1', 'acullimore3c@about.me'),
('fztq13635177', 'Emelina', 'Tamburi', '2024-11-03', '1990-10-02', '195-662-6172', 'Canadian', 'b1s-6m8', 'etamburi3d@macromedia.com'),
('wdni35889625', 'Ansley', 'Micheu', '2032-02-13', '1982-02-28', '142-707-1639', 'Canadian', 'q5e-9c7', 'amicheu3e@simplemachines.org'),
('ashe33486445', 'Janelle', 'Hassent', '2026-07-12', '1983-04-26', '322-504-9624', 'Canadian', 'z6y-0m1', 'jhassent3f@ucsd.edu'),
('ruqr16089855', 'Danita', 'Edlyne', '2033-05-12', '1986-09-13', '969-271-6659', 'Canadian', 'r7f-6o2', 'dedlyne3g@amazon.co.jp'),
('gplk09316668', 'Willy', 'Jendrich', '2024-10-17', '1993-06-03', '960-928-1737', 'Canadian', 'h0v-8r4', 'wjendrich3h@craigslist.org'),
('hloq08348050', 'Licha', 'Valero', '2030-11-16', '2000-04-22', '765-937-5777', 'Canadian', 'a8o-3h5', 'lvalero3i@smh.com.au'),
('uewd97679062', 'Cathleen', 'Mault', '2030-09-03', '2002-02-08', '319-800-0129', 'Canadian', 'a4t-1q7', 'cmault3j@psu.edu'),
('gbzz14554741', 'Jessamine', 'McGonigle', '2025-12-29', '1982-12-26', '871-675-9575', 'Canadian', 's4d-5b6', 'jmcgonigle3k@typepad.com'),
('czaf10943713', 'Trudey', 'Wornham', '2025-08-03', '2004-02-27', '889-332-6812', 'Canadian', 'x9v-5i8', 'twornham3l@goo.gl'),
('hodn32872143', 'Gustavus', 'Spittles', '2030-05-18', '2007-12-17', '444-170-3728', 'Canadian', 'p3f-9g3', 'gspittles3m@ameblo.jp'),
('kkeb25715635', 'Wells', 'Parkinson', '2027-06-06', '1987-07-22', '696-958-7884', 'Canadian', 'k8m-4w2', 'wparkinson3n@netvibes.com'),
('jdom93566120', 'Maria', 'Pisco', '2025-08-18', '2007-05-16', '674-304-2171', 'Canadian', 'd8w-8m9', 'mpisco3o@netvibes.com'),
('klve18540781', 'Miles', 'Mustin', '2026-03-15', '1990-02-26', '207-485-8404', 'Canadian', 'b5e-4q7', 'mmustin3p@lulu.com'),
('xipk73224314', 'Haven', 'Garlett', '2029-01-09', '1990-11-09', '201-286-1518', 'Canadian', 'd9p-2d4', 'hgarlett3q@blogspot.com'),
('xwhw10574070', 'Antonietta', 'Pople', '2030-07-11', '1980-07-17', '997-321-6767', 'Canadian', 'c7k-8d1', 'apople3r@histats.com'),
('nagj19124493', 'Randene', 'Pohlak', '2032-02-21', '1986-07-12', '420-453-6274', 'Canadian', 'w4n-1z2', 'rpohlak3s@hatena.ne.jp'),
('dwsa97105984', 'Reginauld', 'Figliovanni', '2025-02-05', '2008-10-08', '691-771-5203', 'Canadian', 'a7n-3s9', 'rfigliovanni3t@java.com'),
('uqpd60956826', 'Eldredge', 'Dorset', '2026-12-11', '1980-10-10', '129-149-5605', 'Canadian', 't7h-8j5', 'edorset3u@toplist.cz'),
('eamf89358570', 'Rudolph', 'Cotsford', '2032-01-17', '1989-10-14', '159-780-6331', 'Canadian', 'x1u-6h4', 'rcotsford3v@last.fm'),
('peyc31892762', 'Brennen', 'Duke', '2024-10-24', '1978-07-07', '620-678-8746', 'Canadian', 'u5e-2j1', 'bduke3w@oaic.gov.au'),
('aoph31238243', 'Addia', 'Bettles', '2029-02-16', '2001-12-10', '470-692-0270', 'Canadian', 'j2b-6n1', 'abettles3x@ted.com'),
('bojg65817666', 'Edsel', 'Varne', '2026-10-16', '1979-05-28', '907-114-5126', 'Canadian', 'g0g-2n8', 'evarne3y@cmu.edu'),
('lalp36911244', 'Michelina', 'Clementson', '2028-06-21', '1996-12-11', '764-126-9832', 'Canadian', 'r5f-9u7', 'mclementson3z@geocities.com'),
('ppfb61361214', 'Charleen', 'Comben', '2025-09-10', '1999-11-21', '469-554-5516', 'Canadian', 'h8y-3x4', 'ccomben40@mediafire.com'),
('kzqk30368358', 'Keane', 'Bowld', '2028-07-13', '1977-11-21', '760-683-9225', 'Canadian', 'q4i-5m3', 'kbowld41@about.me'),
('qgju63730046', 'Regan', 'Popescu', '2031-06-13', '1995-02-14', '796-120-8983', 'Canadian', 'u4d-3y2', 'rpopescu42@umich.edu'),
('cuwj03025855', 'Jacquelin', 'Bowdler', '2026-06-03', '1996-11-30', '115-556-6963', 'Canadian', 's5d-3z8', 'jbowdler43@forbes.com'),
('qwsm93413499', 'Freddy', 'Leppingwell', '2030-09-18', '1984-10-11', '924-863-5364', 'Canadian', 'l9x-4s5', 'fleppingwell44@sitemeter.com'),
('fidk33462805', 'Atalanta', 'Watts', '2030-03-13', '1995-05-15', '780-285-2247', 'Canadian', 'q1d-2n1', 'awatts45@google.fr'),
('jmkp95106526', 'Ingamar', 'Penniall', '2033-01-01', '1994-05-06', '989-786-1338', 'Canadian', 'i5n-2k0', 'ipenniall46@myspace.com'),
('obxz22814037', 'Hamnet', 'O''Glassane', '2026-09-30', '1987-12-24', '429-760-1914', 'Canadian', 'o7r-6q1', 'hoglassane47@is.gd'),
('qjlj46731680', 'Iver', 'Lanigan', '2025-03-21', '1984-09-16', '520-794-9970', 'Canadian', 'y2h-6c6', 'ilanigan48@gov.uk'),
('xsja34866827', 'Valentine', 'Ronan', '2033-01-12', '1991-11-04', '268-816-8890', 'Canadian', 'p2s-3o3', 'vronan49@huffingtonpost.com'),
('rdcl20382957', 'Wenona', 'Bottrell', '2031-11-02', '1988-12-30', '454-244-0485', 'Canadian', 'p7a-3n1', 'wbottrell4a@constantcontact.com'),
('bxpy53909250', 'Dominick', 'Quartley', '2031-04-14', '2009-05-04', '391-916-7518', 'Canadian', 'b9a-2h6', 'dquartley4b@sun.com'),
('ymck84327200', 'Felicle', 'Elesander', '2030-09-29', '2000-10-04', '811-645-9451', 'Canadian', 'v4p-3s3', 'felesander4c@pen.io'),
('mebe95205703', 'Flem', 'Ablett', '2031-06-06', '2000-01-17', '116-945-6496', 'Canadian', 'j1c-0g9', 'fablett4d@joomla.org'),
('oead75177039', 'Sabrina', 'Steketee', '2030-04-26', '1983-05-29', '627-780-6089', 'Canadian', 'd8v-2r6', 'ssteketee4e@is.gd'),
('hajw65685865', 'Kalvin', 'Enoch', '2024-12-21', '2004-03-11', '354-267-6292', 'Canadian', 'r2p-9b8', 'kenoch4f@craigslist.org'),
('ozxy26620997', 'Eduino', 'Duer', '2033-04-20', '2005-07-25', '997-369-2278', 'Canadian', 'z2e-6v9', 'eduer4g@ycombinator.com'),
('oyqu07894002', 'Emlyn', 'Conduit', '2026-05-21', '2002-06-23', '871-388-3153', 'Canadian', 'k1g-6f1', 'econduit4h@aboutads.info'),
('ivww15311375', 'Winnifred', 'McArtan', '2031-10-30', '1994-08-08', '639-604-8049', 'Canadian', 't7v-2x1', 'wmcartan4i@boston.com'),
('dlhb58032811', 'Claybourne', 'Davidesco', '2029-09-09', '1993-07-29', '778-848-3253', 'Canadian', 'z9t-1w5', 'cdavidesco4j@blinklist.com'),
('nmbx05797213', 'Wendeline', 'Shapero', '2027-11-14', '1996-02-25', '286-990-3187', 'Canadian', 'm5b-5h8', 'wshapero4k@topsy.com'),
('iljb68415742', 'Lynnelle', 'Urian', '2026-01-03', '1994-10-13', '520-224-8963', 'Canadian', 'd5r-1y2', 'lurian4l@mozilla.org'),
('pagj95457876', 'Fletch', 'Adamkiewicz', '2026-01-28', '1986-06-06', '164-578-8043', 'Canadian', 'k6j-1n9', 'fadamkiewicz4m@google.ca'),
('vhat25610353', 'Demetra', 'Hildrew', '2032-03-25', '1997-05-10', '683-502-8440', 'Canadian', 'h3w-6m0', 'dhildrew4n@amazon.de'),
('aqbr11559378', 'Jude', 'Mandre', '2026-11-08', '1999-12-09', '988-673-6518', 'Canadian', 'a4j-4h7', 'jmandre4o@forbes.com'),
('awlc32708147', 'Barton', 'Hattersley', '2024-11-25', '1976-04-22', '450-807-0654', 'Canadian', 'd2z-5p9', 'bhattersley4p@miibeian.gov.cn'),
('afqa37881868', 'Bibi', 'Bruhn', '2031-12-26', '1976-06-09', '528-589-4314', 'Canadian', 'b4j-0k5', 'bbruhn4q@opensource.org'),
('itkq76372143', 'Tobiah', 'Rastrick', '2027-08-28', '1991-03-27', '992-568-8695', 'Canadian', 'm9f-2j6', 'trastrick4r@friendfeed.com'),
('xhtc50744068', 'Camella', 'Badman', '2029-01-06', '1985-12-27', '695-259-3669', 'Canadian', 'r5f-7u5', 'cbadman4s@cornell.edu'),
('isyw26997126', 'Fan', 'Izkovitz', '2027-04-27', '1985-02-22', '631-390-6866', 'Canadian', 'g1l-3r8', 'fizkovitz4t@blogs.com'),
('tzvx03827206', 'Thain', 'Rodolphe', '2032-01-20', '2001-04-08', '855-703-8479', 'Canadian', 'l9z-6f4', 'trodolphe4u@theguardian.com'),
('aext10989722', 'Cecilla', 'Skitteral', '2031-03-16', '1994-08-21', '847-137-1929', 'Canadian', 'n6v-6z6', 'cskitteral4v@thetimes.co.uk'),
('lcyd89458272', 'Nils', 'Shovelbottom', '2025-05-04', '1982-09-26', '278-895-9137', 'Canadian', 'n9q-2f8', 'nshovelbottom4w@whitehouse.gov'),
('bzyt45710755', 'Jessika', 'Hanshawe', '2024-10-11', '1996-07-29', '403-551-3442', 'Canadian', 'i8h-3f9', 'jhanshawe4x@ebay.co.uk'),
('bwki36088579', 'Farrell', 'Reddin', '2025-11-06', '1987-06-12', '155-863-4622', 'Canadian', 'w2x-2g1', 'freddin4y@businessweek.com'),
('vtrb17948090', 'Isidora', 'Dennistoun', '2025-02-11', '1997-10-13', '470-904-0265', 'Canadian', 'y7y-3e2', 'idennistoun4z@free.fr'),
('uwtu86990276', 'Nat', 'Shalloo', '2024-11-23', '2005-08-15', '639-552-1167', 'Canadian', 'i9s-2u2', 'nshalloo50@arstechnica.com'),
('iqxb81417596', 'Erik', 'Teek', '2027-12-30', '1990-06-03', '573-820-4578', 'Canadian', 'k1k-8e4', 'eteek51@friendfeed.com'),
('zuem98716439', 'Bess', 'Radki', '2029-11-10', '1978-07-20', '428-515-5812', 'Canadian', 'w8u-6n0', 'bradki52@bigcartel.com'),
('ujuy69477332', 'Lou', 'Peaurt', '2024-12-02', '1998-10-17', '182-996-9523', 'Canadian', 'w7i-3t6', 'lpeaurt53@europa.eu'),
('qgqv90824413', 'Noe', 'Mallam', '2028-06-09', '1983-12-25', '120-739-8419', 'Canadian', 'c5s-8q3', 'nmallam54@a8.net'),
('ysbb77857336', 'Jaimie', 'Ellerby', '2031-03-24', '1986-05-30', '992-562-5131', 'Canadian', 'x8z-8w7', 'jellerby55@seattletimes.com'),
('aorc22624858', 'Kaylil', 'Lindroos', '2028-07-04', '1997-06-28', '299-281-3540', 'Canadian', 'i8c-0z6', 'klindroos56@ebay.co.uk'),
('nhxf64204943', 'Hanni', 'Mapes', '2025-04-25', '1987-02-18', '841-656-8544', 'Canadian', 'a7i-7r7', 'hmapes57@g.co'),
('cmhu48223732', 'Byrle', 'Seamon', '2028-02-25', '2010-05-03', '418-975-3161', 'Canadian', 'b1a-2x6', 'bseamon58@flavors.me'),
('xxfl80652295', 'Prissie', 'Millwater', '2032-06-14', '1986-03-22', '922-153-1781', 'Canadian', 'c4r-0q5', 'pmillwater59@gnu.org'),
('dydp83048637', 'Zenia', 'Kedwell', '2026-06-29', '2003-06-15', '103-168-8153', 'Canadian', 'j1f-1q5', 'zkedwell5a@oracle.com'),
('fhep45637197', 'Stavro', 'Gounin', '2027-02-14', '1994-04-11', '878-241-0721', 'Canadian', 'i3w-7o5', 'sgounin5b@ehow.com'),
('moce67582114', 'Zaria', 'Bassill', '2030-07-21', '1993-02-06', '268-687-6106', 'Canadian', 's6p-0i7', 'zbassill5c@loc.gov'),
('ojae88755527', 'Brannon', 'Verbrugge', '2030-11-28', '1984-07-07', '674-424-9378', 'Canadian', 'f2w-1x2', 'bverbrugge5d@hc360.com'),
('ofsn90148550', 'Tadeas', 'Hefferon', '2027-10-15', '2006-05-29', '693-911-9833', 'Canadian', 'x7y-7n8', 'thefferon5e@weibo.com'),
('svxs77120554', 'Arlen', 'Gauld', '2031-08-13', '1978-06-11', '696-674-4247', 'Canadian', 'w6b-0q8', 'agauld5f@shutterfly.com'),
('zgri52852211', 'Thomasin', 'Crumpe', '2027-06-01', '1975-10-04', '250-288-4355', 'Canadian', 'u0r-1q0', 'tcrumpe5g@alexa.com'),
('otsg81695488', 'Arie', 'Dowse', '2025-11-27', '1990-02-10', '961-329-4350', 'Canadian', 'x9r-4d3', 'adowse5h@cnbc.com'),
('zbri44071225', 'Sadie', 'Sharpe', '2030-01-13', '1988-04-13', '554-637-7285', 'Canadian', 'b5p-6p4', 'ssharpe5i@patch.com');



insert into Students (MedicareCardNumber, CurrentLevel) values 
('inbi07848043', 'primary 2'),
('xldj37998130', 'primary 2'),
('alji19160144', 'high school 2'),
('ntdn93645414', 'middle school 2'),
('arfk63854853', 'primary 2'),
('eewd09862766', 'high school 2'),
('fmnr38462528', 'primary 1'),
('rttt98363344', 'high school 1'),
('cbav56372713', 'middle school 2'),
('ukfl91653042', 'middle school 1'),
('zhsb72120820', 'high school 2'),
('vswl85620639', 'middle school 1'),
('oinw51730594', 'high school 2'),
('wmxb79359123', 'primary 1'),
('sixb22790076', 'middle school 2'),
('ekkh51355135', 'high school 1'),
('hvbb04937488', 'high school 1'),
('ycfa62422408', 'primary 1'),
('rxyt38729160', 'middle school 1'),
('sfnj98064680', 'high school 2'),
('okpb78117732', 'primary 1'),
('fztq13635177', 'high school 1'),
('wdni35889625', 'high school 1'),
('ashe33486445', 'primary 2'),
('ruqr16089855', 'primary 1'),
('gplk09316668', 'middle school 2'),
('hloq08348050', 'primary 2'),
('uewd97679062', 'primary 2'),
('gbzz14554741', 'high school 2'),
('czaf10943713', 'middle school 1'),
('hodn32872143', 'primary 1'),
('kkeb25715635', 'middle school 2'),
('jdom93566120', 'primary 1'),
('klve18540781', 'middle school 1'),
('xipk73224314', 'high school 1'),
('xwhw10574070', 'primary 1'),
('nagj19124493', 'high school 2'),
('dwsa97105984', 'high school 1'),
('uqpd60956826', 'primary 2'),
('eamf89358570', 'primary 1'),
('peyc31892762', 'middle school 1'),
('aoph31238243', 'high school 1'),
('bojg65817666', 'primary 2'),
('lalp36911244', 'primary 2'),
('ppfb61361214', 'primary 1'),
('kzqk30368358', 'primary 1'),
('qgju63730046', 'middle school 1'),
('cuwj03025855', 'high school 1'),
('qwsm93413499', 'high school 2'),
('fidk33462805', 'middle school 1'),
('jmkp95106526', 'primary 2'),
('obxz22814037', 'middle school 2'),
('qjlj46731680', 'high school 2'),
('xsja34866827', 'high school 2'),
('rdcl20382957', 'middle school 2'),
('bxpy53909250', 'primary 2'),
('ymck84327200', 'primary 1'),
('mebe95205703', 'high school 1'),
('oead75177039', 'primary 2'),
('hajw65685865', 'middle school 2'),
('ozxy26620997', 'middle school 2'),
('oyqu07894002', 'middle school 1'),
('ivww15311375', 'middle school 1'),
('dlhb58032811', 'primary 2'),
('nmbx05797213', 'high school 1'),
('iljb68415742', 'primary 1'),
('pagj95457876', 'high school 1'),
('vhat25610353', 'primary 2'),
('aqbr11559378', 'high school 2'),
('awlc32708147', 'primary 2'),
('afqa37881868', 'middle school 2'),
('itkq76372143', 'high school 1'),
('xhtc50744068', 'primary 2'),
('isyw26997126', 'middle school 1'),
('tzvx03827206', 'high school 1'),
('aext10989722', 'high school 2'),
('lcyd89458272', 'middle school 2'),
('bzyt45710755', 'high school 1'),
('bwki36088579', 'middle school 1'),
('vtrb17948090', 'middle school 2'),
('uwtu86990276', 'middle school 1'),
('iqxb81417596', 'primary 2'),
('zuem98716439', 'primary 2'),
('ujuy69477332', 'primary 2'),
('qgqv90824413', 'middle school 2'),
('ysbb77857336', 'high school 2'),
('aorc22624858', 'middle school 1'),
('nhxf64204943', 'primary 1'),
('cmhu48223732', 'middle school 1'),
('xxfl80652295', 'high school 1'),
('dydp83048637', 'primary 1'),
('fhep45637197', 'middle school 2'),
('moce67582114', 'middle school 2'),
('ojae88755527', 'high school 2'),
('ofsn90148550', 'middle school 1'),
('svxs77120554', 'high school 1'),
('zgri52852211', 'middle school 1'),
('otsg81695488', 'high school 1'),
('zbri44071225', 'primary 1'),
('ihdp30946666', 'high school 1');




insert into Employees (MedicareCardNumber) values 
('chnb68073157'),
('ddrh96552495'),
('sonr94506633'),
('socq52922660'),
('tscn83047436'),
('pzih79804641'),
('udzr21294375'),
('cwmx16384442'),
('zeqg99658583'),
('atks99812156'),
('qclf54693559'),
('tjpb75240802'),
('mufn13946729'),
('jcqj36587505'),
('eldl00129280'),
('mlus32550800'),
('qsep60324290'),
('eiax15101277'),
('fmft30539826'),
('zdek42000873'),
('bzbk46547836'),
('nyxu85611817'),
('pczm46837052'),
('enny56422592'),
('ywsc02075548'),
('dpzw63877238'),
('fdlo28652111'),
('megp37616198'),
('owae00457175'),
('vyzn02541021'),
('vldh66815198'),
('cqro21400322'),
('bkly08244132'),
('bprq62852530'),
('lhsu88256858'),
('uqyb64093330'),
('gpve73328248'),
('psnr24406771'),
('ekmg52328361'),
('nixe31972681'),
('kbpu30268596'),
('gcpd29713356'),
('ygos53720461'),
('hfse43060169'),
('imab26398970'),
('jhfa32130886'),
('xuca53771633'),
('ralg02129113'),
('yrfp18569080'),
('wruy16143565'),
('bvmf04864173'),
('capc26072389'),
('eelc32041277'),
('qfuh36449429'),
('egek80853382'),
('vhrd09594403'),
('lxht00591052'),
('mqul29848145'),
('hkos08195390'),
('gizc27512732'),
('emge34254207'),
('tcnf16204183'),
('hjye68751628'),
('jhkf86218417'),
('xhxy87004970'),
('rwjh24116649'),
('qusm42314138'),
('jjfq23871528'),
('psbf68888047'),
('lryt26472999'),
('pylw96019050'),
('fmvc80218553'),
('wtpf09744672'),
('swdq22036839'),
('ptym02499681'),
('zazb04625227'),
('gnvw66226509'),
('qwyp40848888'),
('mmbj21491450'),
('dxkf79246024'),
('cjmv60245894'),
('fflo43130116'),
('neno54514142'),
('lgey27382514'),
('rioe89352575'),
('vwry25573289'),
('gdfm09523270'),
('tysa65788909'),
('pcbi82346648'),
('ofxh62384749'),
('sxga74866857'),
('xrug14464864'),
('nxrv84271244'),
('ypwn67880138'),
('rutm38908574'),
('txbh03887025'),
('jevl40904934'),
('wgcf20915276'),
('oiga45430748'),
('jnei34873512');




insert into Teachers (MedicareCardNumber, Level, Specialisation) values 
('bvmf04864173', 'primary', null),
('capc26072389', 'highschool', 'french'),
('eelc32041277', 'primary', null),
('qfuh36449429', 'highschool', 'physics'),
('egek80853382', 'primary', null),
('vhrd09594403', 'highschool', 'biology'),
('lxht00591052', 'primary', null),
('mqul29848145', 'highschool', 'geography'),
('hkos08195390', 'middle', null),
('gizc27512732', 'highschool', 'art'),
('emge34254207', 'primary', null),
('tcnf16204183', 'highschool', 'physical education'),
('hjye68751628', 'primary', null),
('jhkf86218417', 'highschool', 'economics'),
('xhxy87004970', 'primary', null),
('rwjh24116649', 'highschool', 'math'),
('qusm42314138', 'primary', null),
('jjfq23871528', 'highschool', 'english'),
('psbf68888047', 'middle', null),
('lryt26472999', 'highschool', 'chemistry'),
('pylw96019050', 'primary', null),
('fmvc80218553', 'highschool', 'history'),
('wtpf09744672', 'primary', null),
('swdq22036839', 'highschool', 'computer science'),
('ptym02499681', 'primary', null),
('zazb04625227', 'highschool', 'music'),
('gnvw66226509', 'middle', null),
('qwyp40848888', 'highschool', 'literature'),
('mmbj21491450', 'primary', null),
('dxkf79246024', 'highschool', 'psychology'),
('cjmv60245894', 'primary', null),
('fflo43130116', 'highschool', 'french'),
('neno54514142', 'primary', null),
('lgey27382514', 'highschool', 'physics'),
('rioe89352575', 'middle', null),
('vwry25573289', 'highschool', 'biology'),
('gdfm09523270', 'primary', null),
('tysa65788909', 'highschool', 'geography'),
('pcbi82346648', 'primary', null),
('ofxh62384749', 'highschool', 'art'),
('sxga74866857', 'middle', null),
('xrug14464864', 'highschool', 'physical education'),
('nxrv84271244', 'primary', null),
('ypwn67880138', 'highschool', 'economics'),
('rutm38908574', 'primary', null),
('txbh03887025', 'highschool', 'math'),
('jevl40904934', 'middle', null),
('wgcf20915276', 'highschool', 'english'),
('oiga45430748', 'primary', null),
('jnei34873512', 'highschool', 'chemistry');






insert into Facilities (FacilityID, Name, WebAddress, capacity, PostalCode, PhoneNumber) values 
(1, 'Alberta School', 'www.alberta.education.ca', 496, 'b3o-7w7', '697-967-0163'),
(2, 'British Columbia School', 'www.britishcolumbia.education.ca', 352, 'k3x-5f4', '643-829-4782'),
(3, 'Manitoba School', 'www.manitoba.education.ca', 318, 'p6w-2h6', '975-510-1679'),
(4, 'New Brunswick School', 'www.newbrunswick.education.ca', 350, 'g7r-6f9', '769-206-8657'),
(5, 'Newfoundland and Labrador School', 'www.newfoundlandandeducation.ca', 351, 'c0t-4s0', '235-497-8608'),
(6, 'Nova Scotia School', 'www.novascotia.education.ca', 495, 'z7c-8l9', '311-753-3173'),
(7, 'Ontario School', 'www.ontario.education.ca', 207, 'm1g-9k1', '176-513-9395'),
(8, 'Prince Edward Island School', 'www.princeedwardisland.education.ca', 384, 'i1m-8t5', '122-235-7141'),
(9, 'Quebec School', 'www.quebec.education.ca', 215, 'c1y-1q6', '973-533-8543'),
(10, 'Saskatchewan School', 'www.saskatchewan.education.ca', 296, 'h2y-4t4', '687-427-2452'),
(11, 'Alberta Educational Management', 'www.alberta.education.ca', 235, 'r4g-1e4', '290-628-0370'),
(12, 'British Columbia Educational Management', 'www.britishcolumbia.education.ca', 426, 'a6y-9a5', '181-666-7390'),
(13, 'Manitoba Educational Management', 'www.manitoba.education.ca', 467, 's8i-5w3', '202-294-1189'),
(14, 'New Brunswick Educational Management', 'www.newbrunswick.education.ca', 304, 'a8e-0u4', '387-929-5939'),
(15, 'Newfoundland and Labrador Educational Management', 'www.newfoundlandandeducation.ca', 366, 'd5j-7u8', '621-744-3124'),
(16, 'Nova Scotia Educational Management', 'www.novascotia.education.ca', 385, 'i9i-2g6', '325-824-3318'),
(17, 'Ontario Educational Management', 'www.ontario.education.ca', 409, 'f8l-2w5', '853-887-4025'),
(18, 'Prince Edward Island Educational Management', 'www.princeedwardisland.education.ca', 247, 'w1q-6p5', '491-207-4329'),
(19, 'Quebec Educational Management', 'www.quebec.education.ca', 252, 'y7e-3a7', '247-614-9637'),
(20, 'Saskatchewan Educational Management', 'www.saskatchewan.education.ca', 316, 's1p-3n2', '706-424-5101'),
(21, 'Alberta Educational Headquarter', 'www.alberta.education.ca', 335, 'h7q-6l4', '128-701-8910'),
(22, 'British Columbia Educational Headquarter', 'www.britishcolumbia.education.ca', 390, 'u6y-3h0', '180-237-5323'),
(23, 'Manitoba Educational Headquarter', 'www.manitoba.education.ca', 394, 'a5w-8p4', '583-358-2403'),
(24, 'New Brunswick Educational Headquarter', 'www.newbrunswick.education.ca', 395, 'n3i-7q5', '816-268-6155'),
(25, 'Newfoundland and Labrador Educational Headquarter', 'www.newfoundlandandeducation.ca', 440, 's1e-7c9', '719-981-6859'),
(26, 'Nova Scotia Educational Headquarter', 'www.novascotia.education.ca', 461, 'r5o-5a2', '426-425-7109'),
(27, 'Ontario Educational Headquarter', 'www.ontario.education.ca', 270, 'p8b-7h2', '807-314-9523'),
(28, 'Prince Edward Island Educational Headquarter', 'www.princeedwardisland.education.ca', 314, 'f4t-1n8', '631-120-7129'),
(29, 'Quebec Educational Headquarter', 'www.quebec.education.ca', 330, 'l5u-1l9', '311-971-7837'),
(30, 'Saskatchewan Educational Headquarter', 'www.saskatchewan.education.ca', 453, 'p8q-0z7', '233-637-1500');


insert into Operates (FacilityID, MinistryID) values 
(1, 1),
(2, 2),
(3, 3),
(4, 4),
(5, 5),
(6, 6),
(7, 7),
(8, 8),
(9, 9),
(10, 10),
(11, 1),
(12, 2),
(13, 3),
(14, 4),
(15, 5),
(16, 6),
(17, 7),
(18, 8),
(19, 9),
(20, 10),
(21, 1),
(22, 2),
(23, 3),
(24, 4),
(25, 5),
(26, 6),
(27, 7),
(28, 8),
(29, 9),
(30, 10);

insert into Works_At (MedicareCardNumber, FacilityID, StartDate, EndDate, Role) values 
('chnb68073157', 1, '2017-06-10', null, 'Principal'),
('ddrh96552495', 2, '2017-06-10', null, 'Principal'),
('sonr94506633', 3, '2017-06-10', null, 'Principal'),
('socq52922660', 4, '2017-06-10', null, 'Principal'),
('tscn83047436', 5, '2017-06-10', null, 'Principal'),
('pzih79804641', 6, '2017-06-10', null, 'Principal'),
('udzr21294375', 7, '2017-06-10', null, 'Principal'),
('cwmx16384442', 8, '2017-06-10', null, 'Principal'),
('zeqg99658583', 9, '2017-06-10', null, 'Principal'),
('atks99812156', 10, '2017-06-10', null, 'Principal'),
('qclf54693559', 11, '2017-06-10', null, 'President'),
('tjpb75240802', 12, '2017-06-10', null, 'President'),
('mufn13946729', 13, '2017-06-10', null, 'President'),
('jcqj36587505', 14, '2017-06-10', null, 'President'),
('eldl00129280', 15, '2017-06-10', null, 'President'),
('mlus32550800', 16, '2017-06-10', null, 'President'),
('qsep60324290', 17, '2017-06-10', null, 'President'),
('eiax15101277', 18, '2017-06-18', null, 'President'),
('fmft30539826', 19, '2017-06-10', null, 'President'),
('zdek42000873', 20, '2017-06-10', null, 'President'),
('bzbk46547836', 21, '2017-06-10', null, 'President'),
('nyxu85611817', 22, '2017-06-10', null, 'President'),
('pczm46837052', 23, '2017-06-10', null, 'President'),
('enny56422592', 24, '2017-06-10', null, 'President'),
('ywsc02075548', 25, '2017-06-10', null, 'President'),
('dpzw63877238', 26, '2017-06-10', null, 'President'),
('fdlo28652111', 27, '2017-06-10', null, 'President'),
('megp37616198', 28, '2017-06-10', null, 'President'),
('owae00457175', 29, '2017-06-10', null, 'President'),
('vyzn02541021', 30, '2017-06-10', null, 'President'),
('vldh66815198', 1, '2017-06-10', null, 'Secretary'),
('cqro21400322', 2, '2017-06-10', null, 'Specialized Personnel'),
('bkly08244132', 3, '2017-06-10', null, 'Security Personnel'),
('bprq62852530', 4, '2017-06-10', null, 'Secretary'),
('lhsu88256858', 5, '2017-06-10', null, 'Specialized Personnel'),
('uqyb64093330', 6, '2017-06-10', null, 'Security Personnel'),
('gpve73328248', 7, '2017-06-10', null, 'Secretary'),
('psnr24406771', 8, '2017-06-10', null, 'Specialized Personnel'),
('ekmg52328361', 9, '2017-06-10', null, 'Security Personnel'),
('nixe31972681', 10, '2017-06-10', null, 'Secretary'),
('kbpu30268596', 11, '2017-06-10', null, 'Specialized Personnel'),
('gcpd29713356', 12, '2017-06-10', null, 'Security Personnel'),
('ygos53720461', 13, '2017-06-10', null, 'Secretary'),
('hfse43060169', 14, '2017-06-10', null, 'Specialized Personnel'),
('imab26398970', 15, '2017-06-10', null, 'Security Personnel'),
('jhfa32130886', 16, '2017-06-10', null, 'Secretary'),
('xuca53771633', 17, '2017-06-10', null, 'Specialized Personnel'),
('ralg02129113', 18, '2017-06-10', null, 'Security Personnel'),
('yrfp18569080', 19, '2017-06-10', null, 'Secretary'),
('wruy16143565', 20, '2017-06-10', null, 'Specialized Personnel');


insert into Works_At (MedicareCardNumber, FacilityID, StartDate, EndDate, Role) values 
('bvmf04864173', 1, '2020-10-04', null, 'elementary'),
('capc26072389', 2, '2023-02-20', null, 'secondary'),
('eelc32041277', 3, '2016-02-15', null, 'elementary'),
('qfuh36449429', 4, '2020-09-22', null, 'secondary'),
('egek80853382', 5, '2019-10-07', null, 'elementary'),
('vhrd09594403', 6, '2020-07-26', null, 'secondary'),
('lxht00591052', 7, '2021-09-01', null, 'elementary'),
('mqul29848145', 8, '2019-04-05', null, 'secondary'),
('hkos08195390', 9, '2016-07-31', null, 'elementary'),
('gizc27512732', 10, '2022-03-24', null, 'secondary'),
('emge34254207', 1, '2016-10-29', null, 'elementary'),
('tcnf16204183', 2, '2022-10-09', null, 'secondary'),
('hjye68751628', 3, '2022-10-08', null, 'elementary'),
('jhkf86218417', 4, '2021-06-30', null, 'secondary'),
('xhxy87004970', 5, '2022-01-09', null, 'elementary'),
('rwjh24116649', 6, '2018-09-18', null, 'secondary'),
('qusm42314138', 7, '2022-08-05', null, 'elementary'),
('jjfq23871528', 8, '2020-12-09', null, 'secondary'),
('psbf68888047', 9, '2019-01-28', null, 'elementary'),
('lryt26472999', 10, '2017-12-23', null, 'secondary'),
('pylw96019050', 1, '2021-01-05', null, 'elementary'),
('fmvc80218553', 2, '2018-04-03', null, 'secondary'),
('wtpf09744672', 3, '2019-12-13', null, 'elementary'),
('swdq22036839', 4, '2016-01-20', null, 'secondary'),
('ptym02499681', 5, '2022-12-25', null, 'elementary'),
('zazb04625227', 6, '2018-09-29', null, 'secondary'),
('gnvw66226509', 7, '2020-01-31', null, 'elementary'),
('qwyp40848888', 8, '2018-12-19', null, 'secondary'),
('mmbj21491450', 9, '2017-08-23', null, 'elementary'),
('dxkf79246024', 10, '2019-09-30', null, 'secondary'),
('cjmv60245894', 1, '2021-12-31', null, 'elementary'),
('fflo43130116', 2, '2022-05-17', null, 'secondary'),
('neno54514142', 3, '2019-08-26', null, 'elementary'),
('lgey27382514', 4, '2017-06-09', null, 'secondary'),
('rioe89352575', 5, '2019-06-05', null, 'elementary'),
('vwry25573289', 6, '2016-11-14', null, 'secondary'),
('gdfm09523270', 7, '2022-08-28', null, 'elementary'),
('tysa65788909', 8, '2015-12-21', null, 'secondary'),
('pcbi82346648', 9, '2018-12-11', null, 'elementary'),
('ofxh62384749', 10, '2016-10-27', null, 'secondary'),
('sxga74866857', 1, '2020-07-20', null, 'elementary'),
('xrug14464864', 2, '2020-02-07', null, 'secondary'),
('nxrv84271244', 3, '2020-04-16', null, 'elementary'),
('ypwn67880138', 4, '2020-05-08', null, 'secondary'),
('rutm38908574', 5, '2017-02-21', null, 'elementary'),
('txbh03887025', 6, '2021-08-26', null, 'secondary'),
('jevl40904934', 7, '2016-10-22', null, 'elementary'),
('wgcf20915276', 8, '2022-01-27', null, 'secondary'),
('oiga45430748', 9, '2022-01-05', null, 'elementary'),
('jnei34873512', 10, '2016-06-04', null, 'secondary');

insert into Registered_At (MedicareCardNumber, FacilityID, StartDate, EndDate) values 
('inbi07848043', 1, '2016-07-21', null),
('xldj37998130', 2, '2016-10-16', null),
('alji19160144', 3, '2021-03-15', null),
('ntdn93645414', 4, '2015-12-01', null),
('arfk63854853', 5, '2016-08-16', null),
('eewd09862766', 6, '2016-09-20', null),
('fmnr38462528', 7, '2016-09-14', null),
('rttt98363344', 8, '2022-09-09', null),
('cbav56372713', 9, '2016-09-29', null),
('ukfl91653042', 10, '2021-04-18', null),
('zhsb72120820', 1, '2020-11-28', null),
('vswl85620639', 2, '2017-10-21', null),
('oinw51730594', 3, '2022-04-06', null),
('wmxb79359123', 4, '2018-02-13', null),
('sixb22790076', 5, '2022-04-19', null),
('ekkh51355135', 6, '2018-02-17', null),
('hvbb04937488', 7, '2023-06-19', null),
('ycfa62422408', 8, '2018-09-24', null),
('rxyt38729160', 9, '2017-10-12', null),
('sfnj98064680', 10, '2015-08-18', null),
('okpb78117732', 1, '2020-05-19', null),
('fztq13635177', 2, '2023-01-07', null),
('wdni35889625', 3, '2021-01-24', null),
('ashe33486445', 4, '2020-11-18', null),
('ruqr16089855', 5, '2019-12-15', null),
('gplk09316668', 6, '2017-08-04', null),
('hloq08348050', 7, '2023-05-10', null),
('uewd97679062', 8, '2016-01-14', null),
('gbzz14554741', 9, '2020-11-05', null),
('czaf10943713', 10, '2022-12-08', null),
('hodn32872143', 1, '2016-09-05', null),
('kkeb25715635', 2, '2017-08-09', null),
('jdom93566120', 3, '2017-11-17', null),
('klve18540781', 4, '2018-11-28', null),
('xipk73224314', 5, '2015-10-18', null),
('xwhw10574070', 6, '2022-10-16', null),
('nagj19124493', 7, '2015-12-30', null),
('dwsa97105984', 8, '2021-04-26', null),
('uqpd60956826', 9, '2022-12-03', null),
('eamf89358570', 10, '2022-05-01', null),
('peyc31892762', 1, '2016-05-16', null),
('aoph31238243', 2, '2018-03-26', null),
('bojg65817666', 3, '2018-07-22', null),
('lalp36911244', 4, '2020-05-08', null),
('ppfb61361214', 5, '2023-02-12', null),
('kzqk30368358', 6, '2017-11-27', null),
('qgju63730046', 7, '2021-07-30', null),
('cuwj03025855', 8, '2020-09-10', null),
('qwsm93413499', 9, '2023-04-18', null),
('fidk33462805', 10, '2021-06-13', null),
('jmkp95106526', 1, '2020-02-16', null),
('obxz22814037', 2, '2020-07-19', null),
('qjlj46731680', 3, '2018-04-22', null),
('xsja34866827', 4, '2017-02-20', null),
('rdcl20382957', 5, '2022-01-02', null),
('bxpy53909250', 6, '2021-10-04', null),
('ymck84327200', 7, '2022-08-06', null),
('mebe95205703', 8, '2019-08-16', null),
('oead75177039', 9, '2022-01-28', null),
('hajw65685865', 10, '2019-07-23', '2022-12-17'),
('ozxy26620997', 1, '2022-03-10', null),
('oyqu07894002', 2, '2018-09-25', null),
('ivww15311375', 3, '2018-05-09', null),
('dlhb58032811', 4, '2021-03-19', null),
('nmbx05797213', 5, '2018-01-23', null),
('iljb68415742', 6, '2022-11-04', null),
('pagj95457876', 7, '2019-08-01', null),
('vhat25610353', 8, '2017-10-10', null),
('aqbr11559378', 9, '2020-06-13', null),
('awlc32708147', 10, '2022-01-05', null),
('afqa37881868', 1, '2021-03-29', null),
('itkq76372143', 2, '2020-11-18', null),
('xhtc50744068', 3, '2022-11-27', null),
('isyw26997126', 4, '2021-11-18', null),
('tzvx03827206', 5, '2017-05-25', null),
('aext10989722', 6, '2022-04-19', null),
('lcyd89458272', 7, '2019-12-12', null),
('bzyt45710755', 8, '2016-04-05', null),
('bwki36088579', 9, '2018-01-23', null),
('vtrb17948090', 10, '2021-09-22', null),
('uwtu86990276', 1, '2018-11-13', null),
('iqxb81417596', 2, '2020-08-21', null),
('zuem98716439', 3, '2023-04-16', null),
('ujuy69477332', 4, '2022-03-17', null),
('qgqv90824413', 5, '2021-09-23', null),
('ysbb77857336', 6, '2016-09-17', null),
('aorc22624858', 7, '2018-09-15', null),
('nhxf64204943', 8, '2016-07-28', null),
('cmhu48223732', 9, '2022-06-01', null),
('xxfl80652295', 10, '2018-08-13', null),
('dydp83048637', 1, '2018-04-26', null),
('fhep45637197', 2, '2021-10-26', null),
('moce67582114', 3, '2017-09-12', null),
('ojae88755527', 4, '2016-04-07', null),
('ofsn90148550', 5, '2020-06-19', null),
('svxs77120554', 6, '2021-12-20', null),
('zgri52852211', 7, '2022-09-07', null),
('otsg81695488', 8, '2019-05-29', null),
('zbri44071225', 9, '2017-02-14', null),
('ihdp30946666', 10, '2016-03-02', null);


insert into ManagementFacilities (FacilityID, PresidentMedicareNumber) values 
(11, 'qclf54693559'),
(12, 'tjpb75240802'),
(13, 'mufn13946729'),
(14, 'jcqj36587505'),
(15, 'eldl00129280'),
(16, 'mlus32550800'),
(17, 'qsep60324290'),
(18, 'eiax15101277'),
(19, 'fmft30539826'),
(20, 'zdek42000873'),
(21, 'bzbk46547836'),
(22, 'nyxu85611817'),
(23, 'pczm46837052'),
(24, 'enny56422592'),
(25, 'ywsc02075548'),
(26, 'dpzw63877238'),
(27, 'fdlo28652111'),
(28, 'megp37616198'),
(29, 'owae00457175'),
(30, 'vyzn02541021');



insert into EducationalFacilities (FacilityID, PrincipalMedicareNumber ) values 
(1, 'chnb68073157'),
(2, 'ddrh96552495'),
(3, 'sonr94506633'),
(4, 'socq52922660'),
(5, 'tscn83047436'),
(6, 'pzih79804641'),
(7, 'udzr21294375'),
(8, 'cwmx16384442'),
(9, 'zeqg99658583'),
(10, 'atks99812156');




insert into PrimarySchools (FacilityID) values 
(1),
(2),
(3),
(4),
(5),
(6),
(7),
(8),
(9),
(10);


insert into HighSchools (FacilityID) values 
(1),
(2),
(3),
(4),
(5),
(6),
(7),
(8),
(9),
(10);


insert into MiddleSchools (FacilityID) values 
(1),
(2),
(3),
(4),
(5),
(6),
(7),
(8),
(9),
(10);


insert into HeadOfficeFacilities (FacilityID) values 
(21),
(22),
(23),
(24),
(25),
(26),
(27),
(28),
(29),
(30);


insert into GeneralManagementFacilities (FacilityID) values 
(11),
(12),
(13),
(14),
(15),
(16),
(17),
(18),
(19),
(20);



INSERT INTO `Infections` (`MedicareCardNumber`, `Date`, `Type`) VALUES
('bvmf04864173', '2020-05-08', 'covid-19'),
('bwki36088579', '2023-08-02', 'covid-19'),
('cjmv60245894', '2023-07-31', 'covid-19'),
('cqro21400322', '2023-08-03', 'covid-19'),
('bxpy53909250', '2023-07-30', 'covid-19'),
('hkos08195390', '2023-08-05', 'covid-19'),
('cmhu48223732', '2023-08-01', 'covid-19'),
('cuwj03025855', '2023-07-28', 'covid-19'),
('eewd09862766', '2023-07-30', 'covid-19'),
('bvmf04864173', '2019-05-08', 'covid-19'),
('bwki36088579', '2022-08-02', 'covid-19'),
('cjmv60245894', '2022-07-31', 'covid-19'),
('cqro21400322', '2022-08-03', 'covid-19'),
('bxpy53909250', '2022-07-30', 'covid-19'),
('bvmf04864173', '2019-03-08', 'covid-19'),
('bwki36088579', '2021-08-02', 'covid-19'),
('cjmv60245894', '2021-07-31', 'covid-19'),
('cqro21400322', '2021-08-03', 'covid-19'),
('bxpy53909250', '2021-07-30', 'covid-19');




insert into Persons (MedicareCardNumber, FirstName, LastName, MedicareExpiryDate, DateOfBirth, TelephoneNumber, Citizenship, PostalCode, EmailAddress) values 
('chnb68073100', 'Elita', 'Jefford', '2033-03-23', '2006-02-16', '477-682-5353', 'Canadian', 'b3o-7w7', 'ejefford0@prweb.com'),
('ddrh96552400', 'Vernon', 'Osbaldstone', '2027-08-31', '1979-04-28', '687-859-9983', 'Canadian', 'k3x-5f4', 'vosbaldstone1@examiner.com'),
('sonr94506600', 'Elna', 'Woollaston', '2030-02-14', '1980-11-30', '456-743-8458', 'Canadian', 'p6w-2h6', 'ewoollaston2@constantcontact.com'),
('socq52922600', 'Hervey', 'Kohrt', '2025-01-18', '2001-04-03', '658-328-0141', 'Canadian', 'g7r-6f9', 'hkohrt3@e-recht24.de'),
('tscn83047400', 'Alexandros', 'Meatcher', '2032-09-25', '1980-11-26', '357-675-0317', 'Canadian', 'c0t-4s0', 'ameatcher4@hibu.com'),
('pzih79804600', 'Nonah', 'Kitcatt', '2030-06-17', '1991-10-06', '999-660-3988', 'Canadian', 'z7c-8l9', 'nkitcatt5@europa.eu'),
('udzr21294300', 'Richmound', 'Cunniffe', '2027-08-08', '1996-06-16', '684-739-3038', 'Canadian', 'm1g-9k1', 'rcunniffe6@vistaprint.com'),
('cwmx16384400', 'Janaya', 'Favelle', '2031-03-02', '2002-10-19', '711-254-0760', 'Canadian', 'i1m-8t5', 'jfavelle7@linkedin.com'),
('zeqg99658500', 'Jenelle', 'Beinke', '2028-05-08', '1980-11-29', '418-700-1920', 'Canadian', 'c1y-1q6', 'jbeinke8@xrea.com'),
('atks99812100', 'Gonzalo', 'Swin', '2032-02-27', '1987-12-27', '557-729-9702', 'Canadian', 'h2y-4t4', 'gswin9@time.com'),
('atks99812111', 'Gondalo', 'Swoon', '2032-02-27', '1988-12-27', '547-729-9702', 'Canadian', 'h2y-4t4', 'gswoon9@time.com');


insert into Employees (MedicareCardNumber) values 
('chnb68073100'),
('ddrh96552400'),
('sonr94506600'),
('socq52922600'),
('tscn83047400'),
('pzih79804600'),
('udzr21294300'),
('cwmx16384400'),
('zeqg99658500'),
('atks99812100'),
('atks99812111');


insert into Teachers (MedicareCardNumber, Level, Specialisation) values 
('chnb68073100','highschool', 'counselor'),
('ddrh96552400','highschool', 'counselor'),
('sonr94506600','highschool', 'counselor'),
('socq52922600','highschool', 'counselor'),
('tscn83047400','highschool', 'counselor'),
('pzih79804600','highschool', 'counselor'),
('udzr21294300','highschool', 'counselor'),
('cwmx16384400','highschool', 'counselor'),
('zeqg99658500','highschool', 'counselor'),
('atks99812100','highschool', 'counselor'),
('atks99812111','highschool', 'counselor');



insert into Works_At (MedicareCardNumber, FacilityID, StartDate, EndDate, Role) values 
('chnb68073100',1, '2020-10-04', null, 'secondary'),
('ddrh96552400',1, '2020-10-04', null, 'secondary'),
('sonr94506600',1, '2020-10-04', null, 'secondary'),
('socq52922600',1, '2020-10-04', null, 'secondary'),
('tscn83047400',1, '2020-10-04', null, 'secondary'),
('pzih79804600',1, '2020-10-04', null, 'secondary'),
('udzr21294300',1, '2020-10-04', null, 'secondary'),
('cwmx16384400',1, '2020-10-04', null, 'secondary'),
('zeqg99658500',1, '2020-10-04', null, 'secondary'),
('atks99812100',1, '2020-10-04', null, 'secondary'),
('atks99812111',1, '2020-10-04', null, 'secondary');

INSERT INTO `Infections` (`MedicareCardNumber`, `Date`, `Type`) VALUES
('chnb68073100', '2023-07-02', 'covid-19'),
('ddrh96552400', '2023-08-02', 'covid-19'),
('sonr94506600', '2023-08-02', 'covid-19'),
('atks99812111', '2023-07-02', 'covid-19'),
('atks99812111', '2023-08-02', 'covid-19'),
('atks99812111', '2023-08-02', 'covid-19'),
('socq52922600', '2023-08-02', 'covid-19'),
('tscn83047400', '2023-08-02', 'covid-19'),
('pzih79804600', '2023-08-02', 'covid-19'),
('udzr21294300', '2023-08-02', 'covid-19'),
('cwmx16384400', '2023-08-02', 'covid-19'),
('zeqg99658500', '2023-08-02', 'covid-19'),
('atks99812100', '2023-08-02', 'covid-19'),
('chnb68073100', '2022-08-02', 'covid-19'),
('ddrh96552400', '2022-08-02', 'covid-19'),
('sonr94506600', '2022-08-02', 'covid-19'),
('socq52922600', '2022-08-02', 'covid-19'),
('tscn83047400', '2022-08-02', 'covid-19'),
('pzih79804600', '2022-08-02', 'covid-19'),
('udzr21294300', '2022-08-02', 'covid-19'),
('cwmx16384400', '2022-08-02', 'covid-19'),
('zeqg99658500', '2022-08-02', 'covid-19'),
('atks99812100', '2022-08-02', 'covid-19'),
('chnb68073100', '2021-08-02', 'covid-19'),
('ddrh96552400', '2021-08-02', 'covid-19'),
('sonr94506600', '2021-08-02', 'covid-19'),
('socq52922600', '2021-08-02', 'covid-19'),
('tscn83047400', '2021-08-02', 'covid-19'),
('pzih79804600', '2021-08-02', 'covid-19'),
('udzr21294300', '2021-08-02', 'covid-19'),
('cwmx16384400', '2021-08-02', 'covid-19'),
('zeqg99658500', '2021-08-02', 'covid-19'),
('atks99812100', '2021-08-02', 'covid-19');





insert into Vaccinations (MedicareCardNumber,`Date`,`Type`,DoseNumber) values
('chnb68073100','2023-06-01','Pfizer',1),
('ddrh96552400','2023-06-01','Pfizer',1),
('sonr94506600','2023-06-01','Pfizer',1),
('socq52922600','2023-06-01','Pfizer',1),
('tscn83047400','2023-06-01','Pfizer',1),
('pzih79804600','2023-06-01','Pfizer',1),
('udzr21294300','2023-06-01','Pfizer',1),
('cwmx16384400','2023-06-01','Pfizer',1),
('zeqg99658500','2023-06-01','Pfizer',1),
('atks99812100','2023-06-01','Pfizer',1),
('atks99812111','2023-06-01','Pfizer',1);

insert into Schedule (`Date`,isCancelled,startTime,endTime) values
('2023-08-08',true,'08:00:00','12:00:00'),
('2023-08-09',true,'08:00:00','12:00:00'),
('2023-08-08',true,'08:00:00','12:00:00'),
('2023-08-09',true,'08:00:00','12:00:00'),
('2023-08-08',true,'08:00:00','12:00:00'),
('2023-08-09',true,'08:00:00','12:00:00'),
('2023-08-08',true,'08:00:00','12:00:00'),
('2023-08-09',true,'08:00:00','12:00:00'),
('2023-08-08',true,'08:00:00','12:00:00'),
('2023-08-09',true,'08:00:00','12:00:00');


insert into Has_Schedule (ScheduleID, FacilityID,MedicareCardNumber) values
(10,1,'chnb68073100'),
(10-1,1,'ddrh96552400'),
(10-2,1,'sonr94506600'),
(10-3,1,'socq52922600'),
(10-4,1,'tscn83047400'),
(10-5,1,'pzih79804600'),
(10-6,1,'udzr21294300'),
(10-7,1,'cwmx16384400'),
(10-8,1,'zeqg99658500'),
(10-9,1,'atks99812100');




insert into Schedule (`Date`,isCancelled,startTime,endTime) values
('2023-09-08',false,'08:00:00','12:00:00'),
('2023-09-09',false,'08:00:00','12:00:00'),
('2023-09-10',false,'08:00:00','12:00:00'),
('2023-09-11',false,'08:00:00','12:00:00'),
('2023-09-12',false,'08:00:00','12:00:00'),
('2023-09-13',false,'08:00:00','12:00:00'),
('2023-09-14',false,'08:00:00','12:00:00'),
('2023-09-15',false,'08:00:00','12:00:00'),
('2023-09-16',false,'08:00:00','12:00:00'),
('2023-09-17',false,'08:00:00','12:00:00');


insert into Has_Schedule (ScheduleID, FacilityID,MedicareCardNumber) values
(20,1,'chnb68073100'),
(20-1,1,'chnb68073100'),
(20-2,1,'chnb68073100'),
(20-3,1,'chnb68073100'),
(20-4,1,'chnb68073100'),
(20-5,1,'chnb68073100'),
(20-6,1,'chnb68073100'),
(20-7,1,'chnb68073100'),
(20-8,1,'chnb68073100'),
(20-9,1,'chnb68073100');



